기준일,차량운행,접수건,탑승건,평균대기시간
2019-01-01,0.06125574272588058,0.15843547224224946,0.13412953605879652,32.8
2019-01-02,0.4088820826952527,0.858507570295602,0.7168121267799725,36.1
2019-01-03,0.4058192955589587,0.8278658976207642,0.7602204869085898,41.1
2019-01-04,0.4012251148545176,0.8179524152847873,0.7503445107946716,39.2
2019-01-05,0.06584992343032159,0.2725306416726748,0.24712907671107026,41.9
2019-01-06,0.04594180704441042,0.23936553713049746,0.24621038125861278,35.5
2019-01-07,0.4287901990811639,0.8950973323720259,0.808911345888838,35.9
2019-01-08,0.3644716692189893,0.808759913482336,0.7822691777675701,48.1
2019-01-09,0.3108728943338438,0.7806416726748377,0.7406982085438678,53.5
2019-01-10,0.3705972434915773,0.8136265320836338,0.7788240698208544,48.6
2019-01-11,0.41194486983154677,0.8404830569574622,0.7887000459347726,41.6
2019-01-12,0.06278713629402755,0.2939798125450613,0.2622875516766192,45.2
2019-01-13,0.02909647779479324,0.22909156452775775,0.2395498392282958,40.0
2019-01-14,0.39663093415007655,0.8469718817591925,0.7978870004593477,38.5
2019-01-15,0.3537519142419602,0.78478731074261,0.7659623334864492,47.9
2019-01-16,0.32159264931087295,0.7810021629416006,0.745751033532384,51.9
2019-01-17,0.3721286370597243,0.8138067772170151,0.7781350482315113,48.7
2019-01-18,0.41960183767228176,0.830930064888248,0.7746899402847955,36.8
2019-01-19,0.02297090352220521,0.2626171593366979,0.2255397335783188,74.4
2019-01-20,0.030627871362940262,0.25594808940158614,0.2625172255397336,46.6
2019-01-21,0.4088820826952527,0.8037130497476568,0.8047772163527791,44.4
2019-01-22,0.3614088820826953,0.7801009372746935,0.787781350482315,50.4
2019-01-23,0.33843797856049007,0.7555875991348233,0.7443729903536977,59.4
2019-01-24,0.3614088820826953,0.7687454938716655,0.7372531005971521,64.2
2019-01-25,0.40428790199081166,0.7842465753424658,0.7549379880569591,53.9
2019-01-26,0.05819295558958654,0.2750540735400144,0.24644005512172718,59.1
2019-01-27,0.02909647779479324,0.2433309300648882,0.24575103353238403,41.5
2019-01-28,0.444104134762634,0.8864455659697188,0.8311897106109325,40.9
2019-01-29,1.0,0.7959625090122566,0.7570050528249885,63.9
2019-01-30,0.332312404287902,0.7680245133381398,0.7262287551676618,72.0
2019-01-31,0.3614088820826953,0.7759552992069214,0.7241616903996326,70.3
2019-02-01,0.3476263399693721,0.7550468637346792,0.6995865870463942,68.0
2019-02-02,0.0995405819295559,0.28208363374188894,0.25172255397335785,29.5
2019-02-03,0.019908116385911168,0.21377072819033882,0.21750114836931556,39.7
2019-02-04,0.05972434915773356,0.19430425378514776,0.18190169958658703,24.7
2019-02-05,0.05053598774885143,0.1905191059841384,0.1720257234726688,41.0
2019-02-06,0.08728943338437978,0.220620043258832,0.20739549839228294,31.0
2019-02-07,0.3705972434915773,0.8494953136265321,0.7733118971061093,41.6
2019-02-08,0.3644716692189893,0.8065969718817592,0.7806614607257694,51.1
2019-02-09,0.08728943338437978,0.28677000720980533,0.2675700505282499,34.9
2019-02-10,0.019908116385911168,0.2213410237923576,0.23334864492420765,42.8
2019-02-11,0.33690658499234305,0.7993871665465032,0.776757005052825,64.7
2019-02-12,0.3782542113323124,0.8348954578226387,0.8215434083601287,59.2
2019-02-13,0.3261868300153139,0.8134462869502523,0.7774460266421681,60.4
2019-02-14,0.3690658499234304,0.8017303532804614,0.7829581993569132,55.1
2019-02-15,0.35068912710566613,0.8067772170151406,0.7432246210381259,60.0
2019-02-16,0.05972434915773356,0.28478731074260993,0.24965548920532843,62.1
2019-02-17,0.04134762633996936,0.2611751982696467,0.2703261368856224,42.5
2019-02-18,0.35987748851454826,0.7959625090122566,0.7696371152962793,66.9
2019-02-19,0.33078101071975496,0.8109228550829127,0.7544786403307304,51.2
2019-02-21,0.34303215926493114,0.8019105984138428,0.7781350482315113,65.5
2019-02-22,0.34456355283307816,0.7901946647440519,0.7588424437299035,60.2
2019-02-23,0.06891271056661563,0.3125450612833453,0.27928341754708313,61.5
2019-02-24,0.02143950995405819,0.24693583273251618,0.2583830960036748,47.9
2019-02-25,0.35834609494640124,0.8193943763518385,0.7882406982085439,53.9
2019-02-26,0.3537519142419602,0.7795602018745493,0.7664216812126781,63.8
2019-02-27,0.3200612557427259,0.8006488824801731,0.7742305925585669,59.8
2019-02-28,0.33843797856049007,0.7772170151405912,0.7248507119889758,68.3
2019-03-01,0.05206738131699845,0.26478010093727467,0.2324299494717501,41.9
2019-03-02,0.0,0.25252343186733955,0.2285254937988057,54.3
2019-03-03,0.04287901990811638,0.26009372746935827,0.26711070280202115,35.8
2019-03-04,0.3108728943338438,0.8314708002883922,0.7928341754708315,56.6
2019-03-05,0.3399693721286371,0.8368781542898341,0.8107487367937529,55.9
2019-03-06,0.33078101071975496,0.8211968276856525,0.7887000459347726,59.4
2019-03-07,0.32312404287901997,0.8199351117519826,0.7804317868626551,62.1
2019-03-08,0.29402756508422667,0.7746935832732517,0.7429949471750115,69.7
2019-03-09,0.05359877488514547,0.3026315789473684,0.2746899402847956,47.4
2019-03-10,0.02143950995405819,0.2501802451333814,0.2563160312356454,44.6
2019-03-11,0.324655436447167,0.8430064888248017,0.7916858061552596,59.8
2019-03-12,0.32159264931087295,0.8161499639509733,0.8017914561322921,65.9
2019-03-13,0.33078101071975496,0.8341744772891132,0.8050068902158933,62.4
2019-03-14,0.34303215926493114,0.7937995674116799,0.7733118971061093,70.7
2019-03-15,0.39509954058192953,0.8257029560201874,0.7758383096003676,59.7
2019-03-16,0.09647779479326185,0.29343907714491707,0.2661920073495636,51.0
2019-03-17,0.05819295558958654,0.24855803893294875,0.26550298576022047,40.6
2019-03-18,0.3537519142419602,0.7736121124729632,0.7597611391823611,74.1
2019-03-19,0.35987748851454826,0.7840663302090843,0.7916858061552596,70.8
2019-03-20,0.3705972434915773,0.8359769286229272,0.7721635277905374,72.2
2019-03-21,0.41807044410413474,0.8484138428262437,0.8215434083601287,54.4
2019-03-22,0.4058192955589587,0.8127253064167268,0.790767110702802,54.4
2019-03-23,0.10719754977029095,0.3138067772170151,0.280431786862655,56.9
2019-03-24,0.07044410413476265,0.26820475847152125,0.27308222324299497,36.1
2019-03-25,0.38897396630934156,0.8022710886806056,0.8073036288470372,60.4
2019-03-26,0.4303215926493109,0.8175919250180245,0.8321084060633901,59.5
2019-03-27,0.4058192955589587,0.7905551550108147,0.7997243913642627,67.9
2019-03-28,0.38131699846860645,0.7806416726748377,0.7873220027560863,63.4
2019-03-29,0.3782542113323124,0.7831651045421774,0.7620578778135048,64.6
2019-03-30,0.10107197549770292,0.30461427541456376,0.26389526871841984,50.2
2019-03-31,0.04287901990811638,0.25378514780100936,0.2636655948553055,44.4
2019-04-01,0.49157733537519144,0.9095169430425378,0.8334864492420762,42.6
2019-04-02,0.43338437978560496,0.8089401586157173,0.8139641708773542,55.6
2019-04-03,0.4532924961715161,0.8518385003604902,0.8422140560404225,53.4
2019-04-04,0.44869831546707506,0.8262436914203316,0.8261368856224163,52.4
2019-04-05,0.5160796324655437,0.888788752703677,0.8137344970142397,39.6
2019-04-06,0.09800918836140887,0.2939798125450613,0.26688102893890675,62.6
2019-04-07,0.06431852986217457,0.2725306416726748,0.28112080845199816,51.4
2019-04-08,0.4869831546707504,0.8801369863013698,0.8617363344051447,47.8
2019-04-09,0.4655436447166922,0.851297764960346,0.842443729903537,60.6
2019-04-10,0.4502297090352221,0.815068493150685,0.82475884244373,60.5
2019-04-11,0.4609494640122511,0.8257029560201874,0.8417547083141939,58.4
2019-04-12,0.5160796324655437,0.8334534967555876,0.8098300413412953,52.8
2019-04-13,0.1225114854517611,0.2975847152126892,0.2677997243913643,67.7
2019-04-14,0.06125574272588058,0.24837779379956737,0.2590721175930179,40.5
2019-04-15,0.5176110260336907,0.8808579668348955,0.8470372071658245,44.6
2019-04-16,0.4532924961715161,0.8085796683489546,0.8369315571887919,56.6
2019-04-17,0.44716692189892804,0.8161499639509733,0.8302710151584749,62.5
2019-04-18,0.4594180704441041,0.8213770728190339,0.8325677537896188,57.9
2019-04-19,0.5145482388973966,0.9019466474405191,0.8497932935231971,43.7
2019-04-21,0.05053598774885143,0.2638788752703677,0.27514928801102434,52.1
2019-04-22,0.5068912710566615,0.8747296322999278,0.8755167661920074,46.6
2019-04-23,0.5114854517611026,0.8489545782263879,0.869774919614148,51.9
2019-04-24,0.5022970903522206,0.8467916366258111,0.8516306844281121,58.5
2019-04-25,0.4517611026033691,0.8467916366258111,0.8043178686265504,68.1
2019-04-26,0.5053598774885145,0.8581470800288392,0.8316490583371612,55.9
2019-04-27,0.09494640122511488,0.2993871665465032,0.2581534221405604,69.8
2019-04-28,0.07656967840735068,0.26910598413842823,0.28112080845199816,48.2
2019-04-29,0.5176110260336907,0.8473323720259553,0.8468075333027101,46.0
2019-04-30,0.5114854517611026,0.8332732516222062,0.8571428571428572,52.1
2019-05-01,0.23736600306278716,0.44772891131939435,0.3605879650895728,30.0
2019-05-02,0.4946401225114855,0.8294881038211969,0.8279742765273312,48.7
2019-05-03,0.5267993874425727,0.8143475126171593,0.8123564538355534,47.8
2019-05-04,0.11332312404287903,0.2896539293439077,0.2572347266881029,73.5
2019-05-06,0.2006125574272588,0.2975847152126892,0.2779053743683969,30.5
2019-05-07,0.4502297090352221,0.7873107426099495,0.7965089572806614,64.3
2019-05-08,0.4869831546707504,0.8037130497476568,0.815112540192926,60.4
2019-05-09,0.4823889739663093,0.7968637346791636,0.8279742765273312,60.3
2019-05-10,0.4532924961715161,0.7837058399423216,0.7976573265962335,60.1
2019-05-11,0.15313935681470137,0.31759192501802447,0.2983463481855765,53.9
2019-05-12,0.07044410413476265,0.25540735400144193,0.26090950849793293,48.5
2019-05-13,0.5099540581929556,0.8109228550829127,0.8261368856224163,60.4
2019-05-14,0.5329249617151608,0.8094808940158615,0.8353238401469913,57.3
2019-05-15,0.4961715160796325,0.8046142754145638,0.8158015617822691,66.3
2019-05-16,0.548238897396631,0.7947007930785869,0.7994947175011484,61.3
2019-05-17,0.5222052067381318,0.7810021629416006,0.795590261828204,57.4
2019-05-18,0.16845329249617153,0.3143475126171593,0.30087276067983465,65.0
2019-05-19,0.07503828483920366,0.26153568853640946,0.25976113918236104,52.8
2019-05-20,0.5421133231240429,0.8300288392213411,0.8479559026182821,50.7
2019-05-21,0.5359877488514548,0.8053352559480894,0.8210840606338998,62.5
2019-05-22,0.5298621745788668,0.8152487382840663,0.8463481855764814,59.5
2019-05-23,0.5222052067381318,0.7981254506128335,0.8210840606338998,60.6
2019-05-24,0.5237366003062788,0.8130857966834896,0.8107487367937529,59.5
2019-05-25,0.1776416539050536,0.31128334534967556,0.29099678456591643,55.3
2019-05-26,0.08728943338437978,0.2701874549387166,0.28525493798805696,41.0
2019-05-27,0.5329249617151608,0.8253424657534246,0.8174092788240699,60.6
2019-05-28,0.5344563552833078,0.8271449170872387,0.866789159393661,61.5
2019-05-29,0.5313935681470138,0.8240807498197549,0.8525493798805697,56.4
2019-05-30,0.5237366003062788,0.8175919250180245,0.8323380799265043,59.7
2019-05-31,0.5007656967840736,0.7968637346791636,0.8006430868167203,53.5
2019-06-01,0.16539050535987748,0.3235400144196106,0.30362884703720716,59.8
2019-06-02,0.10107197549770292,0.2555875991348233,0.28112080845199816,40.1
2019-06-03,0.5206738131699847,0.8147080028839221,0.8279742765273312,55.1
2019-06-04,0.5191424196018377,0.8134462869502523,0.8325677537896188,65.0
2019-06-05,0.5421133231240429,0.8130857966834896,0.8332567753789619,58.8
2019-06-06,0.25574272588055136,0.26279740447007927,0.2395498392282958,28.9
2019-06-07,0.49310872894333846,0.7770367700072098,0.7535599448782728,46.5
2019-06-08,0.16539050535987748,0.3139870223503965,0.30523656407900784,39.9
2019-06-09,0.10719754977029095,0.2602739726027397,0.27124483233807994,33.7
2019-06-10,0.5436447166921899,0.8156092285508292,0.8332567753789619,58.2
2019-06-11,0.557427258805513,0.8172314347512617,0.8339457969683051,54.1
2019-06-12,0.5344563552833078,0.8145277577505408,0.8307303628847038,55.0
2019-06-13,0.5114854517611026,0.8046142754145638,0.8190169958658704,62.0
2019-06-14,0.5114854517611026,0.7914563806777217,0.8020211299954065,58.4
2019-06-15,0.15007656967840738,0.3154289834174477,0.2831878732200276,69.0
2019-06-16,0.11791730474732004,0.2653208363374189,0.2875516766192007,33.1
2019-06-17,0.5344563552833078,0.8235400144196107,0.8610473128158016,55.2
2019-06-18,0.5206738131699847,0.8428262436914203,0.82475884244373,61.4
2019-06-19,0.5222052067381318,0.8107426099495314,0.8295819935691318,56.7
2019-06-20,0.5497702909647779,0.8008291276135544,0.8096003674781811,66.5
2019-06-21,0.5252679938744258,0.7999279019466474,0.8091410197519522,58.1
2019-06-22,0.16079632465543647,0.3116438356164383,0.28387689480937073,61.7
2019-06-23,0.10566615620214398,0.2714491708723864,0.2939825447864033,39.8
2019-06-24,0.4808575803981624,0.7853280461427541,0.8045475424896646,64.5
2019-06-25,0.5145482388973966,0.7990266762797404,0.8109784106568672,68.8
2019-06-26,0.5237366003062788,0.8062364816149964,0.8070739549839228,60.7
2019-06-27,0.5114854517611026,0.7815428983417447,0.7905374368396876,59.5
2019-06-28,0.49157733537519144,0.7620764239365537,0.7510335323840147,65.3
2019-06-29,0.16232771822358344,0.2846070656092285,0.26596233348644926,48.5
2019-06-30,0.08728943338437978,0.25270367700072094,0.2703261368856224,37.3
2019-07-01,0.5650842266462481,0.8606705118961788,0.8695452457510335,49.8
2019-07-02,0.5758039816232772,0.8586878154289834,0.8562241616903996,45.2
2019-07-03,0.5758039816232772,0.8532804614275414,0.8578318787322003,45.7
2019-07-04,0.5712098009188361,0.8669790915645278,0.8617363344051447,43.5
2019-07-05,0.5513016845329249,0.8224585436193222,0.8332567753789619,48.8
2019-07-06,0.20214395099540583,0.3249819754866618,0.3128158015617823,38.6
2019-07-07,0.09188361408882084,0.2568493150684931,0.28364722094625633,42.1
2019-07-08,0.552833078101072,0.8412040374909877,0.8559944878272852,49.2
2019-07-09,0.552833078101072,0.839942321557318,0.8647220946256315,51.9
2019-07-10,0.548238897396631,0.8680605623648161,0.8651814423518605,50.5
2019-07-11,0.5497702909647779,0.8437274693583273,0.8249885163068442,46.3
2019-07-12,0.5344563552833078,0.8240807498197549,0.8270555810748736,52.1
2019-07-13,0.19295558958652376,0.33345349675558755,0.31740927882406983,41.3
2019-07-14,0.11026033690658499,0.2584715212689257,0.2790537436839688,35.3
2019-07-15,0.555895865237366,0.844448449891853,0.8470372071658245,53.8
2019-07-16,0.5650842266462481,0.8303893294881038,0.837620578778135,47.5
2019-07-17,0.555895865237366,0.8276856524873828,0.8282039503904455,52.5
2019-07-18,0.5084226646248086,0.7912761355443403,0.804088194763436,54.6
2019-07-19,0.5344563552833078,0.8249819754866619,0.8238401469912724,49.4
2019-07-20,0.15773353751914243,0.30389329488103817,0.2898484152503445,39.2
2019-07-21,0.07963246554364473,0.26153568853640946,0.27813504823151125,44.8
2019-07-22,0.5176110260336907,0.8147080028839221,0.8362425355994487,51.7
2019-07-23,0.5206738131699847,0.7961427541456381,0.802250803858521,52.8
2019-07-24,0.4900459418070444,0.7898341744772891,0.7811208084519983,63.2
2019-07-25,0.5084226646248086,0.8094808940158615,0.8036288470372073,55.9
2019-07-26,0.5252679938744258,0.8083994232155731,0.7462103812586127,44.4
2019-07-27,0.17611026033690658,0.30875991348233595,0.3001837390904915,35.0
2019-07-28,0.07197549770290967,0.24044700793078583,0.25057418465778597,42.5
2019-07-29,0.5068912710566615,0.7945205479452054,0.7854846118511714,41.8
2019-07-30,0.5222052067381318,0.7822638788752704,0.7742305925585669,45.6
2019-07-31,0.4793261868300154,0.761715933669791,0.7154340836012862,54.1
2019-08-01,0.4732006125574273,0.7644196106705119,0.7393201653651815,42.5
2019-08-02,0.45482388973966315,0.7316149963950973,0.7372531005971521,49.2
2019-08-03,0.1776416539050536,0.31921413121845704,0.31304547542489664,33.6
2019-08-04,0.07044410413476265,0.25306416726748376,0.2652733118971061,52.0
2019-08-05,0.48545176110260335,0.8215573179524153,0.8417547083141939,47.8
2019-08-06,0.5068912710566615,0.8199351117519826,0.8238401469912724,46.8
2019-08-07,0.5313935681470138,0.8363374188896899,0.8231511254019293,43.4
2019-08-08,0.49923430321592654,0.78478731074261,0.7928341754708315,55.5
2019-08-09,0.47779479326186836,0.7928983417447729,0.7760679834634818,60.7
2019-08-10,0.15007656967840738,0.31074260994953135,0.2990353697749196,43.8
2019-08-11,0.0888208269525268,0.27739726027397255,0.29467156637574643,41.2
2019-08-12,0.5038284839203676,0.8428262436914203,0.819935691318328,52.5
2019-08-13,0.5283307810107197,0.8469718817591925,0.8422140560404225,47.3
2019-08-14,0.5160796324655437,0.8289473684210527,0.776757005052825,61.5
2019-08-15,0.2434915773353752,0.23846431146359043,0.22875516766192006,29.5
2019-08-16,0.4961715160796325,0.7974044700793078,0.7811208084519983,42.5
2019-08-17,0.1776416539050536,0.3120043258832011,0.3045475424896647,35.4
2019-08-18,0.06278713629402755,0.25126171593366975,0.26825907211759303,47.3
2019-08-19,0.548238897396631,0.8640951694304254,0.8833256775378961,46.2
2019-08-20,0.5298621745788668,0.8561643835616438,0.8543867707854846,50.5
2019-08-21,0.545176110260337,0.8857245854361933,0.8734497014239779,48.5
2019-08-22,0.552833078101072,0.8500360490266763,0.8752870923288929,53.4
2019-08-23,0.5375191424196019,0.8330930064888248,0.821773082223243,58.0
2019-08-24,0.16998468606431855,0.32281903388608507,0.3045475424896647,51.1
2019-08-25,0.0888208269525268,0.2563085796683489,0.27836472209462565,44.6
2019-08-26,0.5283307810107197,0.858507570295602,0.8605879650895729,54.9
2019-08-27,0.557427258805513,0.8644556596971882,0.864951768488746,50.8
2019-08-28,0.55895865237366,0.8687815428983418,0.8681672025723473,46.8
2019-08-29,0.557427258805513,0.8359769286229272,0.8236104731281579,52.5
2019-08-30,0.5421133231240429,0.8388608507570295,0.8254478640330731,56.4
2019-08-31,0.17917304747320062,0.328226387887527,0.31074873679375287,53.3
2019-09-01,0.08269525267993877,0.2568493150684931,0.2762976573265962,53.5
2019-09-02,0.5191424196018377,0.8471521268925739,0.8559944878272852,57.8
2019-09-03,0.545176110260337,0.8599495313626532,0.8635737253100597,61.3
2019-09-04,0.5803981623277182,0.8862653208363374,0.8720716582452916,60.1
2019-09-05,0.552833078101072,0.9003244412400865,0.8086816720257235,73.2
2019-09-06,0.5604900459418071,0.8574260994953136,0.8268259072117594,51.8
2019-09-07,0.18376722817764168,0.22945205479452052,0.20349104271933854,25.8
2019-09-08,0.10719754977029095,0.2638788752703677,0.28249885163068444,37.2
2019-09-09,0.5819295558958653,0.8388608507570295,0.8410656867248507,62.6
2019-09-10,0.6003062787136294,0.8749098774333093,0.8047772163527791,71.7
2019-09-11,0.5742725880551302,0.8356164383561644,0.771933853927423,54.9
2019-09-12,0.33843797856049007,0.22764960346070656,0.21887919154800184,23.5
2019-09-13,0.19295558958652376,0.22656813266041814,0.20877354157096922,44.6
2019-09-14,0.17917304747320062,0.22152126892573898,0.21359669269637116,24.4
2019-09-15,0.1562021439509954,0.2795602018745494,0.28341754708314193,25.8
2019-09-16,0.546707503828484,0.851297764960346,0.8656407900780891,52.6
2019-09-17,0.5834609494640123,0.8406633020908435,0.8562241616903996,57.0
2019-09-18,0.5911179173047474,0.8377793799567411,0.860128617363344,54.3
2019-09-19,0.55895865237366,0.8127253064167268,0.847266881028939,58.2
2019-09-20,0.5497702909647779,0.8312905551550108,0.8123564538355534,57.9
2019-09-21,0.20826952526799386,0.3579668348954578,0.3256775378961874,53.9
2019-09-22,0.08728943338437978,0.23828406633020904,0.2622875516766192,38.1
2019-09-23,0.5773353751914242,0.8431867339581831,0.8573725310059714,55.9
2019-09-24,0.5773353751914242,0.8430064888248017,0.8621956821313734,58.0
2019-09-25,0.552833078101072,0.8356164383561644,0.8383096003674781,61.4
2019-09-26,0.5727411944869831,0.852198990627253,0.8677078548461186,55.6
2019-09-27,0.5666156202143952,0.8514780100937275,0.8433624253559946,54.7
2019-09-29,0.10413476263399696,0.27235039653929344,0.28640330730362884,55.1
2019-09-30,0.552833078101072,0.8377793799567411,0.8497932935231971,56.5
2019-10-01,0.545176110260337,0.8190338860850757,0.8341754708314193,62.3
2019-10-02,0.5773353751914242,0.9169069935111751,0.8596692696371153,67.9
2019-10-03,0.32312404287901997,0.2363013698630137,0.21336701883325676,29.3
2019-10-04,0.5696784073506892,0.8599495313626532,0.8282039503904455,44.4
2019-10-05,0.21439509954058195,0.35400144196106703,0.33187873220027564,38.7
2019-10-06,0.11026033690658499,0.2741528478731074,0.29972439136426277,43.4
2019-10-07,0.552833078101072,0.8410237923576064,0.8171796049609554,74.8
2019-10-08,0.5834609494640123,0.8613914924297044,0.8610473128158016,62.9
2019-10-09,0.27871362940275657,0.2802811824080749,0.26113918236104733,26.4
2019-10-10,0.6217457886676876,0.8812184571016582,0.8959577400091869,50.6
2019-10-11,0.5620214395099541,0.8372386445565969,0.8325677537896188,55.0
2019-10-12,0.20520673813169987,0.33687815428983414,0.31626090950849794,61.6
2019-10-13,0.09035222052067382,0.26712328767123283,0.27285254937988057,57.8
2019-10-14,0.5849923430321593,0.8541816870944484,0.8702342673403767,56.6
2019-10-15,0.5666156202143952,0.8316510454217736,0.8454294901240238,57.9
2019-10-16,0.552833078101072,0.8377793799567411,0.8242994947175011,66.3
2019-10-17,0.5865237366003063,0.855803893294881,0.8562241616903996,63.5
2019-10-18,0.6018376722817764,0.8716654650324441,0.8656407900780891,49.6
2019-10-19,0.1990811638591118,0.3240807498197548,0.30202112999540653,54.9
2019-10-20,0.10260336906584994,0.26009372746935827,0.2705558107487368,56.9
2019-10-21,0.5819295558958653,0.8487743330930064,0.8550757923748278,50.1
2019-10-22,0.555895865237366,0.8168709444844989,0.840606338998622,57.7
2019-10-23,0.5666156202143952,0.8419250180245134,0.8546164446485991,50.9
2019-10-24,0.557427258805513,0.8321917808219178,0.8495636196600826,56.6
2019-10-25,0.5329249617151608,0.8307498197548666,0.8121267799724392,57.1
2019-10-26,0.15926493108728945,0.31921413121845704,0.3015617822691778,53.6
2019-10-27,0.018376722817764146,0.242790194664744,0.22324299494717503,74.1
2019-10-28,0.5727411944869831,0.8284066330209084,0.8410656867248507,57.9
2019-10-29,0.6003062787136294,0.8422855082912761,0.8486449242076253,52.7
2019-10-30,0.557427258805513,0.7952415284787311,0.804088194763436,64.2
2019-10-31,0.5252679938744258,0.7797404470079308,0.7873220027560863,63.3
2019-11-01,0.5788667687595712,0.8147080028839221,0.802250803858521,49.4
2019-11-02,0.18376722817764168,0.31957462148521987,0.297427652733119,55.1
2019-11-03,0.15007656967840738,0.2898341744772891,0.2880110243454295,32.5
2019-11-04,0.5773353751914242,0.8338139870223504,0.8422140560404225,52.9
2019-11-05,0.554364471669219,0.8321917808219178,0.8440514469453377,60.6
2019-11-06,0.5834609494640123,0.8538211968276856,0.8672485071198899,54.9
2019-11-07,0.5911179173047474,0.8485940879596251,0.8677078548461186,55.4
2019-11-08,0.5849923430321593,0.8177721701514059,0.8148828663298118,50.3
2019-11-09,0.20214395099540583,0.32732516222062,0.29949471750114837,58.8
2019-11-10,0.06738131699846861,0.2584715212689257,0.25057418465778597,69.6
2019-11-11,0.5895865237366004,0.8642754145638067,0.8626550298576021,50.3
2019-11-12,0.5405819295558959,0.8067772170151406,0.8224621038125861,62.3
2019-11-13,0.4961715160796325,0.8437274693583273,0.7978870004593477,63.8
2019-11-14,0.47779479326186836,0.78478731074261,0.7866329811667432,59.1
2019-11-15,0.48392036753445633,0.8029920692141312,0.7429949471750115,75.7
2019-11-16,0.10107197549770292,0.30984138428262437,0.24644005512172718,75.8
2019-11-17,0.11944869831546706,0.2891131939437635,0.2932935231970602,49.5
2019-11-18,0.47779479326186836,0.808759913482336,0.808911345888838,65.2
2019-11-19,0.5007656967840736,0.7981254506128335,0.808451998162609,64.0
2019-11-20,0.44104134762633995,0.8029920692141312,0.7733118971061093,76.6
2019-11-21,0.4594180704441041,0.8067772170151406,0.790767110702802,65.0
2019-11-22,0.4532924961715161,0.7916366258111031,0.7331189710610932,61.5
2019-11-24,0.0444104134762634,0.26153568853640946,0.24712907671107026,63.5
2019-11-25,0.44869831546707506,0.7968637346791636,0.7857142857142858,66.0
2019-11-26,0.47166921898928027,0.8201153568853641,0.8197060174552135,63.8
2019-11-27,0.4686064318529862,0.8138067772170151,0.8024804777216352,66.8
2019-11-28,0.4287901990811639,0.783886085075703,0.7609095084979329,71.2
2019-11-29,0.4303215926493109,0.777577505407354,0.7361047312815803,71.3
2019-11-30,0.10107197549770292,0.29506128334534965,0.2535599448782729,67.3
2019-12-01,0.04287901990811638,0.21845710165825521,0.22301332108406063,66.2
2019-12-02,0.3859111791730475,0.7983056957462149,0.7994947175011484,73.9
2019-12-03,0.4594180704441041,0.7957822638788753,0.8077629765732659,60.0
2019-12-04,0.5022970903522206,0.8130857966834896,0.8362425355994487,54.9
2019-12-05,0.49310872894333846,0.8152487382840663,0.8367018833256776,57.9
2019-12-06,0.4670750382848392,0.78478731074261,0.7740009186954524,51.7
2019-12-07,0.08116385911179175,0.28352559480894013,0.24437299035369775,61.6
2019-12-08,0.030627871362940262,0.24080749819754865,0.2441433164905834,65.9
2019-12-09,0.5007656967840736,0.8442682047584715,0.8592099219108866,51.8
2019-12-10,0.4793261868300154,0.8029920692141312,0.8396876435461644,55.3
2019-12-11,0.49157733537519144,0.8152487382840663,0.8429030776297657,53.5
2019-12-12,0.5252679938744258,0.8574260994953136,0.8782728525493799,49.2
2019-12-13,0.4900459418070444,0.8437274693583273,0.8300413412953607,48.5
2019-12-14,0.14241960183767227,0.29235760634462865,0.28938906752411575,49.1
2019-12-15,0.08575803981623276,0.24567411679884638,0.2634359209921911,42.8
2019-12-16,0.5099540581929556,0.8316510454217736,0.8638033991731742,45.2
2019-12-17,0.4946401225114855,0.8208363374188897,0.8385392742305926,56.5
2019-12-18,0.4747320061255743,0.815068493150685,0.8468075333027101,54.6
2019-12-19,0.4670750382848392,0.7954217736121125,0.8123564538355534,54.8
2019-12-20,0.49923430321592654,0.8377793799567411,0.8268259072117594,50.9
2019-12-21,0.11332312404287903,0.30948089401586154,0.2847955902618282,65.8
2019-12-22,0.11332312404287903,0.268565248738284,0.29076711070280203,32.9
2019-12-23,0.4946401225114855,0.815969718817592,0.8449701423977951,47.0
2019-12-24,0.45635528330781017,0.7831651045421774,0.7790537436839688,51.7
2019-12-25,0.12557427258805515,0.2622566690699351,0.26802939825447863,34.5
2019-12-26,0.45635528330781017,0.8004686373467916,0.7916858061552596,46.7
2019-12-27,0.4241960183767228,0.7469358327325162,0.7482774460266421,49.1
2019-12-28,0.11026033690658499,0.26676279740447006,0.2684887459807074,40.9
2019-12-29,0.06125574272588058,0.24297043979812544,0.2694074414331649,39.8
2019-12-30,0.3905053598774886,0.7071016582552271,0.7028020211299955,55.1
2019-12-31,0.4134762633996938,0.6908795962509012,0.6479099678456592,38.8
2020-01-01,0.056661562021439515,0.25036049026676277,0.15939366100137803,30.3
2020-01-02,0.3415007656967841,0.7763157894736842,0.7032613688562241,36.7
2020-01-03,0.3491577335375191,0.7640591204037491,0.7310519062930638,39.8
2020-01-04,0.11944869831546706,0.29416005767844267,0.2705558107487368,27.5
2020-01-05,0.05359877488514547,0.25522710886806055,0.2705558107487368,34.6
2020-01-06,0.3996937212863706,0.8662581110310021,0.8371612310519063,45.6
2020-01-07,0.3767228177641654,0.8293078586878154,0.7935231970601746,53.0
2020-01-08,0.38744257274119454,0.8323720259552992,0.794441892512632,46.5
2020-01-09,0.3782542113323124,0.8071377072819034,0.8102893890675242,50.1
2020-01-10,0.4134762633996938,0.830930064888248,0.8093706936150666,40.3
2020-01-11,0.10260336906584994,0.29704397981254504,0.2776757005052825,33.4
2020-01-12,0.05053598774885143,0.2492790194664744,0.26825907211759303,35.0
2020-01-13,0.3767228177641654,0.8385003604902668,0.8369315571887919,45.6
2020-01-14,0.41041347626339975,0.84534967555876,0.8389986219568213,40.9
2020-01-15,0.4226646248085758,0.8628334534967556,0.8507119889756545,40.8
2020-01-16,0.3629402756508423,0.8031723143475126,0.794441892512632,49.6
2020-01-17,0.3905053598774886,0.8266041816870945,0.8238401469912724,41.9
2020-01-18,0.13169984686064318,0.31903388608507566,0.29536058796508957,30.3
2020-01-19,0.03675344563552835,0.25648882480173035,0.2673403766651355,40.9
2020-01-20,0.3690658499234304,0.797945205479452,0.8155718879191549,52.5
2020-01-21,0.3782542113323124,0.8067772170151406,0.7983463481855766,51.8
2020-01-22,0.3767228177641654,0.785688536409517,0.7740009186954524,48.6
2020-01-23,0.41041347626339975,0.8094808940158615,0.7395498392282958,36.3
2020-01-24,0.08575803981623276,0.20908435472242248,0.19774919614147912,25.7
2020-01-25,0.08269525267993877,0.1892573900504686,0.17845659163987138,32.5
2020-01-26,0.08728943338437978,0.24387166546503242,0.2478180983004134,27.0
2020-01-27,0.09341500765696786,0.19826964671953856,0.18282039503904457,23.6
2020-01-28,0.3920367534456355,0.8179524152847873,0.749425815342214,29.8
2020-01-29,0.4150076569678407,0.8293078586878154,0.7889297197978871,33.4
2020-01-30,0.3981623277182236,0.7965032444124008,0.7661920073495636,34.2
2020-01-31,0.37366003062787134,0.7804614275414564,0.7480477721635277,30.4
2020-02-01,0.1225114854517611,0.20728190338860847,0.20440973817179603,23.1
2020-02-02,0.11791730474732004,0.20854361932227827,0.21152962792834173,21.7
2020-02-03,0.4502297090352221,0.7755948089401586,0.7170418006430868,26.8
2020-02-04,0.4303215926493109,0.7198990627253065,0.6825907211759301,27.0
2020-02-05,0.3782542113323124,0.6634823359769286,0.6430868167202572,27.4
2020-02-06,0.4303215926493109,0.6438356164383562,0.6120808451998163,23.5
2020-02-07,0.40275650842266464,0.6577144917087239,0.6437758383096004,26.0
2020-02-08,0.11944869831546706,0.18312905551550107,0.19637115296279284,24.2
2020-02-09,0.049004594180704464,0.18330930064888246,0.19935691318327975,25.4
2020-02-10,0.4150076569678407,0.718817591925018,0.695911805236564,24.8
2020-02-11,0.40275650842266464,0.6775414563806778,0.6936150666054204,25.3
2020-02-12,0.3690658499234304,0.6870944484498919,0.6894809370693615,29.2
2020-02-13,0.4073506891271057,0.684931506849315,0.6929260450160772,24.9
2020-02-14,0.41041347626339975,0.700252343186734,0.7037207165824528,26.1
2020-02-15,0.08116385911179175,0.22386445565969715,0.23587505741846576,27.8
2020-02-16,0.12098009188361408,0.21304974765681323,0.22485071198897566,21.7
2020-02-17,0.39509954058192953,0.7694664744051911,0.7533302710151586,29.0
2020-02-18,0.4150076569678407,0.7236842105263158,0.7482774460266421,27.1
2020-02-19,0.4165390505359877,0.7462148521989906,0.7625172255397337,27.8
2020-02-20,0.38744257274119454,0.7121485219899063,0.7517225539733579,29.1
2020-02-21,0.4287901990811639,0.6402307137707282,0.6545705098759762,22.7
2020-02-22,0.12098009188361408,0.1526676279740447,0.16766192007349562,22.3
2020-02-23,0.0444104134762634,0.08453496755587599,0.08360128617363344,21.8
2020-02-24,0.4502297090352221,0.4662941600576784,0.4547542489664676,19.6
2020-02-25,0.3981623277182236,0.3732876712328767,0.36541111621497474,19.9
2020-02-26,0.3568147013782542,0.3161499639509733,0.31786862655029857,19.0
2020-02-27,0.37519142419601836,0.2851478010093727,0.2916858061552595,19.7
2020-02-28,0.39663093415007655,0.2768565248738284,0.2847955902618282,19.4
2020-02-29,0.09188361408882084,0.05930064888248017,0.07073954983922831,19.7
2020-03-01,0.09035222052067382,0.0,0.0,21.1
2020-03-02,0.41041347626339975,0.31146359048305694,0.31235645383555355,18.7
2020-03-03,0.4303215926493109,0.28334534967555874,0.2939825447864033,18.8
2020-03-04,0.41960183767228176,0.27036770007209804,0.2939825447864033,18.8
2020-03-05,0.4303215926493109,0.28064167267483775,0.299265043638034,18.5
2020-03-06,0.4088820826952527,0.2829848594087959,0.31304547542489664,19.1
2020-03-07,0.10107197549770292,0.0811103100216294,0.09761139182361048,20.7
2020-03-08,0.0888208269525268,0.01243691420331651,0.02021129995406523,20.5
2020-03-09,0.41194486983154677,0.38013698630136983,0.3934313275149288,18.4
2020-03-10,0.4287901990811639,0.3249819754866618,0.3507119889756546,20.7
2020-03-11,0.3644716692189893,0.3161499639509733,0.3534680753330271,20.6
2020-03-12,0.4058192955589587,0.33543619322278295,0.37528709232889296,19.6
2020-03-13,0.39509954058192953,0.3280461427541456,0.37390904915020673,19.6
2020-03-14,0.11179173047473201,0.08255227108868059,0.10266421681212679,21.0
2020-03-15,0.06891271056661563,0.011355443403028118,0.018144235186035834,21.5
2020-03-16,0.4073506891271057,0.3696827685652487,0.4000918695452457,19.4
2020-03-17,0.4134762633996938,0.3421052631578947,0.37873220027560867,19.0
2020-03-18,0.4058192955589587,0.36770007209805333,0.41042719338539274,19.3
2020-03-19,0.4088820826952527,0.33561643835616434,0.3750574184657786,19.4
2020-03-20,0.41960183767228176,0.3687815428983417,0.42420762517225535,20.1
2020-03-21,0.0995405819295559,0.10832732516222061,0.13504823151125403,23.0
2020-03-22,0.10107197549770292,0.01784426820475847,0.027560863573725308,21.0
2020-03-23,0.41960183767228176,0.4080749819754866,0.44763435920992195,19.4
2020-03-24,0.4303215926493109,0.37923576063446285,0.42903077629765735,19.6
2020-03-25,0.47166921898928027,0.4096971881759192,0.4676159853008727,21.6
2020-03-26,0.43185298621745793,0.37581110310021626,0.430638493339458,20.6
2020-03-27,0.4241960183767228,0.38842826243691414,0.45199816260909514,23.0
2020-03-28,0.12557427258805515,0.11607786589762077,0.14216812126779974,22.2
2020-03-29,0.06584992343032159,0.01640230713770728,0.024804777216352797,23.5
2020-03-30,0.4287901990811639,0.4170872386445566,0.4781809830041341,20.7
2020-03-31,0.36753445635528337,0.41528478731074253,0.4708314193844741,20.7
2020-04-01,0.436447166921899,0.40645277577505406,0.4542949012402389,21.3
2020-04-02,0.42572741194486985,0.4102379235760634,0.4611851171336702,21.7
2020-04-03,0.4058192955589587,0.3961788031723143,0.44970142397795126,22.6
2020-04-04,0.1332312404287902,0.11265320836337418,0.13711529627928343,22.9
2020-04-05,0.09035222052067382,0.017303532804614274,0.029627928341754706,21.9
2020-04-06,0.4732006125574273,0.4623287671232876,0.5082682590721177,22.9
2020-04-07,0.4732006125574273,0.4434030281182408,0.5009186954524576,23.4
2020-04-08,0.4686064318529862,0.4504325883201153,0.5082682590721177,23.0
2020-04-09,0.44104134762633995,0.46863734679163654,0.5358291226458429,22.7
2020-04-10,0.43185298621745793,0.4583633741888969,0.5211299954065227,25.4
2020-04-11,0.14701378254211334,0.12905551550108146,0.15824529168580614,22.4
2020-04-12,0.0781010719754977,0.03983417447728911,0.05351401010564999,21.6
2020-04-13,0.445635528330781,0.49062725306416727,0.5514469453376205,21.6
2020-04-14,0.4869831546707504,0.49116798846431137,0.554662379421222,23.8
2020-04-15,0.20214395099540583,0.15501081470800288,0.18259072117593017,20.1
2020-04-16,0.46248085758039814,0.498197548666186,0.5677537896187415,22.6
2020-04-17,0.41807044410413474,0.4574621485219899,0.5149288011024344,24.6
2020-04-18,0.15007656967840738,0.1541095890410959,0.18511713367018834,23.4
2020-04-19,0.07197549770290967,0.05209084354722422,0.06178226917776758,20.3
2020-04-20,0.4670750382848392,0.6396899783705841,0.6936150666054204,28.7
2020-04-21,0.4977029096477795,0.5243330930064889,0.5875057418465779,22.8
2020-04-22,0.4747320061255743,0.5039653929343908,0.5716582452916859,23.9
2020-04-23,0.46248085758039814,0.497296322999279,0.5714285714285714,24.9
2020-04-24,0.43950995405819293,0.536589762076424,0.5983004134129537,26.7
2020-04-25,0.1332312404287902,0.17177361211247294,0.20418006430868169,23.3
2020-04-26,0.08728943338437978,0.09012256669069936,0.11116214974735875,21.2
2020-04-27,0.43185298621745793,0.5585796683489546,0.6251722553973358,25.9
2020-04-28,0.45482388973966315,0.57732516222062,0.655718879191548,24.8
2020-04-29,0.4946401225114855,0.5735400144196107,0.6274689940284797,31.5
2020-04-30,0.11485451761102605,0.14347512617159336,0.17110702802021133,22.9
2020-05-01,0.17917304747320062,0.2829848594087959,0.2903077629765733,22.7
2020-05-02,0.09035222052067382,0.14509733237202593,0.1731740927882407,22.8
2020-05-03,0.06891271056661563,0.10436193222782984,0.12632062471290767,22.2
2020-05-04,0.4012251148545176,0.5439798125450613,0.6005971520440974,27.6
2020-05-05,0.10872894333843797,0.136986301369863,0.16260909508497934,22.3
2020-05-06,0.39509954058192953,0.6182408074981975,0.6644464859898944,35.9
2020-05-07,0.3935681470137825,0.5829127613554435,0.5838309600367477,39.8
2020-05-08,0.35222052067381315,0.5901225666906994,0.5714285714285714,45.0
2020-05-09,0.10719754977029095,0.18493150684931503,0.20372071658245294,31.8
2020-05-10,0.07197549770290967,0.11391492429704399,0.13137344970142398,23.0
2020-05-11,0.3859111791730475,0.6566330209084354,0.678226917776757,38.0
2020-05-12,0.3644716692189893,0.6276135544340303,0.6550298576022049,39.7
2020-05-13,0.3996937212863706,0.6333813987022351,0.6653651814423518,38.2
2020-05-14,0.3859111791730475,0.6380677721701514,0.6731740927882408,39.7
2020-05-15,0.38744257274119454,0.6063446286950253,0.6079467156637575,40.3
2020-05-16,0.0995405819295559,0.18475126171593365,0.2071658245291686,29.0
2020-05-17,0.08422664624808573,0.12184571016582553,0.14607257694074416,22.3
2020-05-18,0.38284839203675347,0.6557317952415285,0.6529627928341755,44.6
2020-05-19,0.4287901990811639,0.617519826964672,0.622186495176849,28.7
2020-05-20,0.41807044410413474,0.6753785147801009,0.6956821313734498,38.3
2020-05-21,0.4303215926493109,0.6550108147080029,0.707395498392283,34.2
2020-05-22,0.4012251148545176,0.6418529199711608,0.6630684428112081,36.4
2020-05-23,0.11485451761102605,0.2139509733237202,0.23587505741846576,33.9
2020-05-24,0.05972434915773356,0.11968276856524875,0.13688562241616906,23.6
2020-05-25,0.4012251148545176,0.6492429704397982,0.684887459807074,37.1
2020-05-26,0.4226646248085758,0.6870944484498919,0.7119889756545705,36.9
2020-05-27,0.42725880551301687,0.6759192501802451,0.7064768029398254,38.1
2020-05-28,0.41960183767228176,0.6665465032444124,0.6926963711529628,37.2
2020-05-29,0.4165390505359877,0.6438356164383562,0.6644464859898944,38.2
2020-05-30,0.09647779479326185,0.20403749098774332,0.21910886541111624,36.5
2020-05-31,0.07044410413476265,0.11715933669790914,0.13573725310059717,20.8
2020-06-01,0.43950995405819293,0.6286950252343186,0.6490583371612311,29.5
2020-06-02,0.4732006125574273,0.6122927180966113,0.6384933394579697,25.7
2020-06-03,0.4747320061255743,0.6348233597692863,0.6727147450620119,27.1
2020-06-04,0.44716692189892804,0.6191420331651045,0.6720257234726688,31.7
2020-06-05,0.4379785604900459,0.6119322278298486,0.6561782269177767,33.6
2020-06-06,0.20367534456355285,0.15573179524152847,0.17524115755627012,21.4
2020-06-07,0.15773353751914243,0.11391492429704399,0.13665594855305466,20.2
2020-06-08,0.4655436447166922,0.6229271809661139,0.6743224621038126,27.9
2020-06-09,0.4226646248085758,0.6157173756308579,0.6632981166743224,28.6
2020-06-10,0.44716692189892804,0.632480173035328,0.6775378961874139,31.8
2020-06-11,0.4150076569678407,0.6167988464311464,0.6570969223702343,33.2
2020-06-12,0.35987748851454826,0.5870583994232156,0.612540192926045,41.5
2020-06-13,0.1332312404287902,0.19574621485219895,0.21543408360128619,26.7
2020-06-14,0.18223583460949466,0.10310021629416007,0.12655029857602207,20.0
2020-06-15,0.434915773353752,0.6256308579668349,0.6651355075792376,33.5
2020-06-16,0.4211332312404288,0.6032804614275414,0.6538814882866331,30.1
2020-06-17,0.4303215926493109,0.6018385003604902,0.636885622416169,31.8
2020-06-18,0.4303215926493109,0.6245493871665465,0.6646761598530087,32.4
2020-06-19,0.4241960183767228,0.6049026676279741,0.6391823610473129,34.3
2020-06-20,0.11638591117917307,0.21611391492429705,0.24046853468075335,32.0
2020-06-21,0.19601837672281774,0.13211968276856523,0.15709692237023426,20.2
2020-06-22,0.4578866768759572,0.6436553713049747,0.6966008268259072,34.7
2020-06-23,0.4211332312404288,0.6443763518385004,0.6853468075333027,36.0
2020-06-24,0.43185298621745793,0.6456380677721701,0.6614607257694074,38.0
2020-06-25,0.4287901990811639,0.6286950252343186,0.6692696371152962,31.3
2020-06-26,0.41807044410413474,0.6240086517664023,0.6451538814882867,37.9
2020-06-27,0.1730474732006126,0.21629416005767843,0.23840146991272393,28.5
2020-06-28,0.09647779479326185,0.12436914203316508,0.14859898943500233,21.9
2020-06-29,0.45482388973966315,0.6366258111031002,0.683050068902159,33.5
2020-06-30,0.44716692189892804,0.6007570295602018,0.6345888837850253,30.7
2020-07-01,0.442572741194487,0.6595169430425378,0.704409738171796,33.0
2020-07-02,0.436447166921899,0.6409516943042538,0.6860358291226458,33.5
2020-07-03,0.43950995405819293,0.6443763518385004,0.6727147450620119,33.9
2020-07-04,0.12404287901990813,0.23071377072819033,0.2519522278364722,32.4
2020-07-05,0.2067381316998469,0.12653208363374185,0.15273311897106112,21.0
2020-07-06,0.47779479326186836,0.6793439077144917,0.7354157096922371,31.5
2020-07-07,0.45482388973966315,0.6539293439077145,0.7152044097381718,31.5
2020-07-08,0.46248085758039814,0.6879956741167988,0.7393201653651815,34.5
2020-07-09,0.4609494640122511,0.6528478731074261,0.7149747358750573,32.7
2020-07-10,0.47626339969372133,0.6568132660418169,0.6982085438677079,31.7
2020-07-11,0.22970903522205205,0.24837779379956737,0.27423059255856685,26.6
2020-07-12,0.1286370597243492,0.13788752703676999,0.16949931097841064,21.8
2020-07-13,0.4808575803981624,0.677180966113915,0.6949931097841067,38.2
2020-07-14,0.4517611026033691,0.6806056236481615,0.7326596233348646,36.7
2020-07-15,0.4517611026033691,0.6941240086517664,0.7335783187873219,40.6
2020-07-16,0.46401225114854516,0.6834895457822638,0.723242994947175,39.7
2020-07-17,0.45482388973966315,0.6797043979812545,0.7064768029398254,40.5
2020-07-18,0.1225114854517611,0.23684210526315785,0.26711070280202115,32.6
2020-07-19,0.19448698315467078,0.09625090122566689,0.11093247588424437,20.7
2020-07-20,0.444104134762634,0.6906993511175198,0.7090032154340835,38.4
2020-07-21,0.4869831546707504,0.7137707281903388,0.7604501607717042,41.6
2020-07-22,0.49157733537519144,0.7211607786589762,0.7262287551676618,45.5
2020-07-23,0.5145482388973966,0.7321557317952415,0.7322002756086357,48.6
2020-07-24,0.47779479326186836,0.6906993511175198,0.7193385392742306,35.2
2020-07-25,0.12710566615620217,0.2335976928622927,0.2563160312356454,33.8
2020-07-26,0.17151607963246557,0.15537130497476564,0.18236104731281583,21.3
2020-07-27,0.6385911179173047,0.776676279740447,0.7930638493339459,29.8
2020-07-28,0.6401225114854517,0.7631578947368421,0.815112540192926,27.7
2020-07-29,0.6401225114854517,0.7593727469358327,0.7673403766651354,32.0
2020-07-30,0.6278713629402757,0.7074621485219899,0.7625172255397337,26.4
2020-07-31,0.5635528330781011,0.6935832732516222,0.7436839687643546,25.0
2020-08-01,0.18529862174578865,0.22278298485940878,0.23564538355535142,26.8
2020-08-02,0.13935681470137828,0.12256669069935112,0.13665594855305466,22.9
2020-08-03,0.5834609494640123,0.6878154289834174,0.6903996325218191,28.7
2020-08-04,0.555895865237366,0.6887166546503245,0.7361047312815803,24.5
2020-08-05,0.6018376722817764,0.7381038211968277,0.7868626550298576,28.5
2020-08-06,0.5849923430321593,0.6542898341744773,0.6488286632981166,37.8
2020-08-07,0.5421133231240429,0.6856524873828407,0.7386311437758384,32.9
2020-08-08,0.20367534456355285,0.23810382119682766,0.2694074414331649,27.2
2020-08-09,0.18529862174578865,0.09895457822638788,0.11368856224161691,20.6
2020-08-10,0.5191424196018377,0.7626171593366979,0.7928341754708315,37.6
2020-08-11,0.548238897396631,0.7189978370583994,0.7487367937528708,32.0
2020-08-12,0.5865237366003063,0.7692862292718097,0.8307303628847038,32.3
2020-08-13,0.5635528330781011,0.7307137707281903,0.792604501607717,33.7
2020-08-14,0.5635528330781011,0.6798846431146359,0.7296738631143775,27.6
2020-08-15,0.2113323124042879,0.15771449170872381,0.1773082223242995,22.2
2020-08-16,0.13629402756508424,0.11211247296322997,0.13596692696371154,20.4
2020-08-17,0.16998468606431855,0.3193943763518385,0.33325677537896187,34.6
2020-08-18,0.5405819295558959,0.6723143475126172,0.7294441892512633,26.9
2020-08-19,0.5375191424196019,0.6258111031002163,0.6688102893890675,24.8
2020-08-20,0.5742725880551302,0.6113914924297044,0.6667432246210381,22.8
2020-08-21,0.5497702909647779,0.5720980533525595,0.6210381258612769,21.8
2020-08-22,0.15007656967840738,0.14491708723864455,0.1605420303169499,24.2
2020-08-23,0.15926493108728945,0.038031723143475124,0.049150206706476796,19.3
2020-08-24,0.5865237366003063,0.5803893294881038,0.6244832338079926,22.6
2020-08-25,0.5604900459418071,0.5630857966834896,0.6260909508497934,21.4
2020-08-26,0.5849923430321593,0.5499279019466474,0.6026642168121268,20.1
2020-08-27,0.5941807044410413,0.4798125450612833,0.5160771704180065,18.2
2020-08-28,0.5819295558958653,0.5109949531362653,0.5769407441433165,20.5
2020-08-29,0.14854517611026036,0.12923576063446285,0.15135507579237484,23.6
2020-08-30,0.18223583460949466,0.01658255227108868,0.027101515847496566,19.4
2020-08-31,0.6202143950995406,0.5380317231434751,0.5950849793293522,19.6
2020-09-01,0.6309341500765697,0.523071377072819,0.5838309600367477,19.5
2020-09-02,0.6447166921898928,0.5234318673395818,0.5842903077629766,19.9
2020-09-03,0.7013782542113324,0.4828767123287671,0.5463941203491043,18.2
2020-09-04,0.6998468606431854,0.5118961788031723,0.5943959577400093,19.4
2020-09-05,0.26339969372128635,0.15122566690699352,0.18190169958658703,19.1
2020-09-06,0.22511485451761104,0.023071377072819033,0.0358291226458429,19.2
2020-09-07,0.667687595712098,0.5025234318673396,0.5633899862195682,21.3
2020-09-08,0.7075038284839203,0.5486661860129777,0.6375746440055121,18.9
2020-09-09,0.7105666156202144,0.5517303532804614,0.6364262746899403,18.9
2020-09-10,0.6860643185298622,0.5506488824801731,0.638033991731741,19.8
2020-09-11,0.6906584992343032,0.5378514780100937,0.6169039963252183,21.1
2020-09-12,0.18683001531393567,0.16222062004325882,0.1874138723013321,22.8
2020-09-13,0.22358346094946402,0.040014419610670496,0.057877813504823156,20.3
2020-09-14,0.6707503828483921,0.6002162941600577,0.6841984382177309,21.2
2020-09-15,0.6952526799387443,0.616618601297765,0.7243913642627469,21.3
2020-09-16,0.7182235834609495,0.6050829127613555,0.6943040881947635,20.2
2020-09-17,0.6983154670750383,0.6144556596971882,0.7101515847496556,21.2
2020-09-18,0.6799387442572742,0.6261715933669791,0.718419843821773,23.9
2020-09-19,0.23124042879019907,0.1926820475847152,0.23633440514469456,23.4
2020-09-20,0.18683001531393567,0.07299927901946647,0.09853008727606799,21.6
2020-09-21,0.6967840735068913,0.6863734679163662,0.7857142857142858,25.5
2020-09-22,0.667687595712098,0.6762797404470079,0.7762976573265963,26.9
2020-09-23,0.7013782542113324,0.6919610670511896,0.7857142857142858,25.4
2020-09-24,0.6784073506891272,0.6751982696467196,0.7659623334864492,28.2
2020-09-25,0.6263399693721287,0.6699711607786589,0.7423059255856683,31.9
2020-09-26,0.1669218989280245,0.2186373467916366,0.24689940284795592,30.2
2020-09-27,0.22817764165390508,0.08741888968997837,0.11208084519981626,19.7
2020-09-28,0.6722817764165391,0.6833093006488825,0.7746899402847955,30.4
2020-09-29,0.6477794793261868,0.6346431146359048,0.695911805236564,28.4
2020-09-30,0.21898928024502295,0.14419610670511895,0.1720257234726688,21.0
2020-10-01,0.17151607963246557,0.12887527036770008,0.14446485989894353,24.1
2020-10-02,0.21898928024502295,0.11770007209805335,0.1423977951309141,19.8
2020-10-03,0.23736600306278716,0.12184571016582553,0.15135507579237484,19.7
2020-10-04,0.26339969372128635,0.07930785868781544,0.10243454294901241,18.5
2020-10-05,0.5972434915773354,0.7076423936553713,0.7985760220486908,29.1
2020-10-06,0.5604900459418071,0.6878154289834174,0.7758383096003676,34.8
2020-10-07,0.6018376722817764,0.7071016582552271,0.7912264584290307,31.6
2020-10-08,0.5803981623277182,0.7087238644556597,0.7717041800643087,37.2
2020-10-09,0.2434915773353752,0.21467195385724586,0.2572347266881029,22.9
2020-10-10,0.20367534456355285,0.22746935832732512,0.27262287551676617,23.7
2020-10-11,0.217457886676876,0.09516943042537852,0.12126779972439136,19.9
2020-10-12,0.5298621745788668,0.6962869502523432,0.7632062471290768,38.5
2020-10-13,0.5160796324655437,0.7339581831290555,0.7664216812126781,46.3
2020-10-14,0.5252679938744258,0.69844989185292,0.7579237482774461,40.6
2020-10-15,0.55895865237366,0.7220620043258832,0.7795130914101975,35.1
2020-10-16,0.545176110260337,0.7083633741888969,0.7393201653651815,38.2
2020-10-17,0.18683001531393567,0.24044700793078583,0.2714745062011943,27.1
2020-10-18,0.24655436447166923,0.14527757750540732,0.18006430868167206,21.2
2020-10-19,0.5712098009188361,0.7593727469358327,0.8125861276986679,38.6
2020-10-20,0.5298621745788668,0.7521629416005768,0.7985760220486908,43.1
2020-10-21,0.5313935681470138,0.7485580389329488,0.7831878732200275,40.8
2020-10-22,0.5390505359877489,0.726928622927181,0.7831878732200275,41.1
2020-10-23,0.5803981623277182,0.7366618601297765,0.7733118971061093,39.2
2020-10-24,0.21898928024502295,0.24891852919971158,0.27514928801102434,28.1
2020-10-25,0.21439509954058195,0.14383561643835613,0.17937528709232892,22.7
2020-10-26,0.6125574272588056,0.767664023071377,0.8286632981166744,35.8
2020-10-27,0.5865237366003063,0.7536049026676279,0.8148828663298118,38.6
2020-10-28,0.5038284839203676,0.7321557317952415,0.7604501607717042,45.2
2020-10-29,0.5727411944869831,0.7359408795962509,0.7880110243454295,39.8
2020-10-30,0.5666156202143952,0.7435111751982697,0.7802021129995407,39.8
2020-10-31,0.21898928024502295,0.2701874549387166,0.2983463481855765,32.9
2020-11-01,0.2434915773353752,0.14077144917087236,0.1722553973357832,21.4
2020-11-02,0.6768759571209801,0.7627974044700793,0.826596233348645,31.7
2020-11-03,0.6294027565084227,0.77577505407354,0.8291226458429031,35.2
2020-11-04,0.6370597243491578,0.7483777937995674,0.8112080845199816,32.7
2020-11-05,0.6294027565084227,0.7507209805335255,0.8256775378961874,34.9
2020-11-06,0.5972434915773354,0.7096250901225667,0.76389526871842,34.2
2020-11-07,0.217457886676876,0.25739005046863733,0.28847037207165827,28.2
2020-11-08,0.21286370597243492,0.1548305695746215,0.19407441433164907,22.0
2020-11-09,0.655436447166922,0.7645998558038933,0.8201653651814425,30.6
2020-11-10,0.6294027565084227,0.7590122566690699,0.8387689480937071,35.2
2020-11-11,0.658499234303216,0.7761355443403029,0.8468075333027101,33.5
2020-11-12,0.655436447166922,0.7447728911319395,0.8091410197519522,32.9
2020-11-13,0.6064318529862175,0.7355803893294881,0.7962792834175472,36.3
2020-11-14,0.20367534456355285,0.24639509733237203,0.28341754708314193,30.5
2020-11-15,0.217457886676876,0.16798846431146358,0.20785484611851174,21.3
2020-11-16,0.6278713629402757,0.7534246575342466,0.8203950390445567,32.3
2020-11-17,0.6294027565084227,0.7283705839942322,0.8130454754248966,30.6
2020-11-18,0.6156202143950996,0.7426099495313626,0.7916858061552596,34.0
2020-11-19,0.5712098009188361,0.6946647440519106,0.7209462563160312,34.6
2020-11-20,0.5773353751914242,0.7296322999279019,0.7636655948553055,37.5
2020-11-21,0.1990811638591118,0.21773612112472962,0.24942581534221409,26.3
2020-11-22,0.18070444104134764,0.11661860129776495,0.14538355535140102,21.0
2020-11-23,0.5957120980091883,0.7195385724585436,0.7870923288929721,33.9
2020-11-24,0.5941807044410413,0.7004325883201153,0.7689480937069362,31.1
2020-11-25,0.6324655436447167,0.7015140591204038,0.7698667891593938,28.3
2020-11-26,0.663093415007657,0.7033165104542177,0.7758383096003676,26.8
2020-11-27,0.6232771822358346,0.6638428262436914,0.7158934313275149,27.2
2020-11-28,0.18070444104134764,0.16474405191059838,0.19683050068902158,23.7
2020-11-29,0.2067381316998469,0.07642393655371306,0.09853008727606799,20.1
2020-11-30,0.7549770290964779,0.6465392934390771,0.7223242994947174,26.1
2020-12-01,0.6493108728943339,0.6629416005767844,0.7349563619660082,25.9
2020-12-02,0.6707503828483921,0.6762797404470079,0.7402388608176389,23.8
2020-12-03,0.6447166921898928,0.6569935111751983,0.7303628847037207,24.3
2020-12-04,0.6416539050535988,0.6429343907714492,0.7156637574644005,27.3
2020-12-05,0.16539050535987748,0.16366258111031,0.19683050068902158,22.4
2020-12-06,0.19754977029096477,0.07083633741888969,0.09485530546623794,19.8
2020-12-07,0.6753445635528331,0.6265320836337419,0.7009646302250805,23.2
2020-12-08,0.7075038284839203,0.5982335976928623,0.6770785484611852,21.6
2020-12-09,0.6998468606431854,0.6113914924297044,0.6835094166283877,20.6
2020-12-10,0.7120980091883614,0.6137346791636626,0.6908589802480478,20.8
2020-12-11,0.6830015313935682,0.6065248738284066,0.6869545245751034,21.7
2020-12-12,0.21898928024502295,0.1624008651766402,0.2000459347726229,21.5
2020-12-13,0.23736600306278716,0.02054794520547945,0.03422140560404227,18.5
2020-12-14,0.6707503828483921,0.5612833453496756,0.6274689940284797,20.8
2020-12-15,0.6998468606431854,0.5474044700793079,0.617363344051447,19.9
2020-12-16,0.667687595712098,0.522170151405912,0.5943959577400093,19.6
2020-12-17,0.6539050535987749,0.5475847152126893,0.6320624712907672,20.1
2020-12-18,0.6186830015313936,0.5639870223503965,0.6469912723932016,22.2
2020-12-19,0.20980091883614088,0.14617880317231435,0.1802939825447864,20.4
2020-12-20,0.1990811638591118,0.03893294881038213,0.0544327055581075,19.4
2020-12-21,0.5681470137825422,0.5537130497476568,0.6375746440055121,21.9
2020-12-22,0.5712098009188361,0.56056236481615,0.6295360587965089,26.5
2020-12-23,0.44104134762633995,0.5198269646719539,0.533991731740928,33.8
2020-12-24,0.3568147013782542,0.45962509012256664,0.44235186035829127,45.5
2020-12-25,0.10566615620214398,0.08129055515501081,0.09370693615066605,18.9
2020-12-26,0.13016845329249616,0.1117519826964672,0.13550757923748277,20.2
2020-12-27,0.15313935681470137,0.014780100937274693,0.027101515847496566,18.6
2020-12-28,0.5865237366003063,0.517664023071377,0.5904915020670647,21.4
2020-12-29,0.5160796324655437,0.5086517664023071,0.5898024804777215,21.9
2020-12-30,0.5206738131699847,0.4684571016582552,0.5328433624253559,22.0
2020-12-31,0.5084226646248086,0.4408795962509012,0.49747358750574183,23.2
2021-01-01,0.17611026033690658,0.05010814708002882,0.06132292145153881,17.7
2021-01-02,0.2756508422664625,0.10580389329488103,0.13458888378502526,17.6
2021-01-03,0.15773353751914243,0.011535688536409516,0.020440973817179603,19.0
2021-01-04,0.6523736600306279,0.5497476568132661,0.6237942122186495,18.4
2021-01-05,0.6447166921898928,0.5499279019466474,0.6382636655948553,18.2
2021-01-06,0.6615620214395099,0.5452415284787311,0.630225080385852,20.1
2021-01-07,0.5957120980091883,0.4713410237923576,0.5257234726688103,20.6
2021-01-08,0.6049004594180705,0.4619682768565248,0.5282498851630684,19.0
2021-01-09,0.2327718223583461,0.13932948810382118,0.1690399632521819,19.8
2021-01-10,0.18223583460949466,0.017483777937995673,0.02847955902618282,17.8
2021-01-11,0.5926493108728944,0.5724585436193222,0.6706476802939825,20.7
2021-01-12,0.6110260336906586,0.6104902667627974,0.6812126779972438,28.6
2021-01-13,0.6140888208269526,0.5702956020187455,0.6646761598530087,19.0
2021-01-14,0.5773353751914242,0.5989545782263879,0.7053284336242536,21.8
2021-01-15,0.5788667687595712,0.5665104542177362,0.6580156178226917,21.4
2021-01-16,0.24655436447166923,0.15609228550829124,0.19338539274230593,19.4
2021-01-17,0.17457886676875956,0.030821917808219176,0.04869085898024805,18.8
2021-01-18,0.5666156202143952,0.5821917808219178,0.669039963252182,18.5
2021-01-19,0.6094946401225115,0.5924657534246576,0.702572347266881,19.7
2021-01-20,0.548238897396631,0.6301369863013698,0.7363344051446945,25.7
2021-01-21,0.6202143950995406,0.6459985580389329,0.736564079007809,25.9
2021-01-22,0.6094946401225115,0.6059841384282625,0.7103812586127698,21.6
2021-01-23,0.26952526799387444,0.17177361211247294,0.20946256316031236,20.0
2021-01-24,0.17457886676875956,0.06723143475126171,0.08934313275149289,18.5
2021-01-25,0.6294027565084227,0.6234679163662581,0.7335783187873219,20.4
2021-01-26,0.5497702909647779,0.6496034607065609,0.7540192926045015,26.7
2021-01-27,0.6125574272588056,0.6515861571737563,0.7581534221405604,23.9
2021-01-28,0.5788667687595712,0.6090483056957462,0.7030316949931097,20.3
2021-01-29,0.5957120980091883,0.5861571737563086,0.6947634359209922,21.9
2021-01-30,0.24196018376722817,0.18366979091564523,0.22048690858980247,20.6
2021-01-31,0.16385911179173046,0.07768565248738284,0.10587965089572807,19.6
2021-02-01,0.6508422664624809,0.6770007209805335,0.795590261828204,20.7
2021-02-02,0.5880551301684533,0.6575342465753424,0.7859439595774,22.7
2021-02-03,0.6003062787136294,0.6804253785147801,0.795590261828204,24.0
2021-02-04,0.6416539050535988,0.6744772891131939,0.7792834175470831,23.3
2021-02-05,0.6431852986217458,0.6845710165825523,0.797427652733119,25.9
2021-02-06,0.18223583460949466,0.20331651045421772,0.24712907671107026,25.4
2021-02-07,0.1883614088820827,0.0843547224224946,0.11529627928341754,18.3
2021-02-08,0.6309341500765697,0.678082191780822,0.8020211299954065,25.9
2021-02-09,0.6033690658499234,0.6888968997837058,0.7994947175011484,30.0
2021-02-10,0.6125574272588056,0.6288752703677001,0.7186495176848875,25.7
2021-02-11,0.1225114854517611,0.12959625090122567,0.1414790996784566,19.5
2021-02-12,0.0781010719754977,0.09012256669069936,0.10955443270555812,20.7
2021-02-13,0.08269525267993877,0.12779379956741166,0.15640790078089112,21.6
2021-02-14,0.14854517611026036,0.07588320115356885,0.09875976113918236,18.4
2021-02-15,0.6309341500765697,0.7114275414563807,0.8387689480937071,21.3
2021-02-16,0.6309341500765697,0.6867339581831291,0.8001837390904916,21.9
2021-02-17,0.5941807044410413,0.6824080749819755,0.8011024345429489,24.0
2021-02-18,0.6477794793261868,0.6838500360490267,0.8139641708773542,22.5
2021-02-19,0.6447166921898928,0.7078226387887527,0.8291226458429031,24.1
2021-02-20,0.1730474732006126,0.2153929343907714,0.2625172255397336,26.2
2021-02-21,0.15773353751914243,0.1249098774333093,0.16444648598989436,19.4
2021-02-22,0.6523736600306279,0.7157534246575342,0.847266881028939,23.6
2021-02-23,0.664624808575804,0.7065609228550829,0.8408360128617363,20.8
2021-02-24,0.6217457886676876,0.7137707281903388,0.8392282958199357,24.5
2021-02-25,0.6064318529862175,0.7204397981254507,0.8316490583371612,24.8
2021-02-26,0.5849923430321593,0.6770007209805335,0.781580156178227,27.5
2021-02-27,0.12098009188361408,0.22548666186012972,0.24552135966926963,37.2
2021-02-28,0.13016845329249616,0.11715933669790914,0.1495176848874598,21.7
2021-03-01,0.24961715160796327,0.10814708002883923,0.12448323380799264,18.5
2021-03-02,0.656967840735069,0.7527036770007209,0.8683968764354617,23.7
2021-03-03,0.6921898928024502,0.7516222062004326,0.8798805695911804,23.9
2021-03-04,0.6355283307810108,0.7346791636625811,0.8557648139641709,24.7
2021-03-05,0.6753445635528331,0.7303532804614276,0.8530087276067984,24.5
2021-03-06,0.25421133231240434,0.217916366258111,0.2677997243913643,20.7
2021-03-07,0.25574272588055136,0.13662581110310018,0.1734037666513551,18.8
2021-03-08,0.6431852986217458,0.7379235760634463,0.8658704639412036,24.9
2021-03-09,0.6539050535987749,0.7512617159336697,0.8849333945796969,24.0
2021-03-10,0.6799387442572742,0.7400865176640231,0.8665594855305467,23.2
2021-03-11,0.664624808575804,0.7575702956020187,0.8801102434542949,23.9
2021-03-12,0.6416539050535988,0.7368421052631579,0.8550757923748278,25.6
2021-03-13,0.24808575803981625,0.21629416005767843,0.2673403766651355,22.2
2021-03-14,0.19142419601837674,0.12328767123287672,0.1610013780431787,18.5
2021-03-15,0.6294027565084227,0.7498197548666186,0.8677078548461186,26.5
2021-03-16,0.6447166921898928,0.7532444124008651,0.8847037207165824,24.9
2021-03-17,0.660030627871363,0.7469358327325162,0.882636655948553,24.9
2021-03-18,0.6416539050535988,0.748197548666186,0.8695452457510335,25.6
2021-03-19,0.6493108728943339,0.7472963229992791,0.8587505741846577,27.5
2021-03-20,0.23124042879019907,0.2213410237923576,0.26412494258153424,25.4
2021-03-21,0.23736600306278716,0.14203316510454217,0.17845659163987138,19.1
2021-03-22,0.6416539050535988,0.7573900504686374,0.8803399173174093,26.9
2021-03-23,0.6370597243491578,0.7728911319394376,0.909967845659164,27.2
2021-03-24,0.656967840735069,0.7584715212689257,0.8957280661460725,26.4
2021-03-25,0.6539050535987749,0.7647801009372747,0.9010105649977032,26.7
2021-03-26,0.660030627871363,0.7532444124008651,0.8688562241616904,27.4
2021-03-27,0.24196018376722817,0.21124729632299927,0.25861276986678916,24.1
2021-03-28,0.25267993874425726,0.12887527036770008,0.16352779053743682,18.2
2021-03-29,0.6248085758039816,0.7700072098053352,0.8994028479559026,28.2
2021-03-30,0.663093415007657,0.7837058399423216,0.9200734956361964,28.2
2021-03-31,0.6952526799387443,0.7956020187454939,0.9308681672025723,28.2
2021-04-01,0.6615620214395099,0.7853280461427541,0.9189251263206246,26.8
2021-04-02,0.6202143950995406,0.7921773612112473,0.9026182820395039,30.1
2021-04-03,0.2603369065849923,0.20980533525594808,0.24575103353238403,24.3
2021-04-04,0.13935681470137828,0.16600576784426818,0.20670647680293985,22.9
2021-04-05,0.6738131699846861,0.8019105984138428,0.930638493339458,27.9
2021-04-06,0.663093415007657,0.8139870223503965,0.9538355535140102,25.8
2021-04-07,0.6186830015313936,0.7705479452054794,0.8925126320624712,27.9
2021-04-08,0.6401225114854517,0.7831651045421774,0.9085898024804777,27.2
2021-04-09,0.663093415007657,0.7786589762076424,0.8989435002296737,27.0
2021-04-10,0.22358346094946402,0.2631578947368421,0.30385852090032156,28.7
2021-04-11,0.13629402756508424,0.1467195385724585,0.18833256775378965,22.2
2021-04-12,0.5957120980091883,0.8192141312184571,0.9212218649517685,34.0
2021-04-13,0.6339969372128638,0.7885724585436193,0.9154800183739089,27.6
2021-04-14,0.6707503828483921,0.8064167267483778,0.9418925126320625,28.8
2021-04-15,0.6079632465543645,0.7891131939437636,0.9019292604501608,29.4
2021-04-16,0.6477794793261868,0.7687454938716655,0.8686265502985759,26.0
2021-04-17,0.20980091883614088,0.24315068493150682,0.2861736334405145,24.7
2021-04-18,0.0995405819295559,0.14653929343907712,0.18282039503904457,23.6
2021-04-19,0.6094946401225115,0.7965032444124008,0.9134129536058797,30.2
2021-04-20,0.6110260336906586,0.9093366979091564,0.9510794671566376,44.2
2021-04-21,0.5926493108728944,0.8008291276135544,0.9095084979329351,36.5
2021-04-22,0.6294027565084227,0.7945205479452054,0.9104271933853927,28.6
2021-04-23,0.6094946401225115,0.7599134823359769,0.8500229673863116,29.0
2021-04-24,0.2006125574272588,0.25594808940158614,0.301102434542949,27.5
2021-04-25,0.18376722817764168,0.16366258111031,0.20188332567753792,23.2
2021-04-26,0.5941807044410413,0.7974044700793078,0.9216812126779972,31.4
2021-04-27,0.5758039816232772,0.8226387887527037,0.9283417547083141,34.2
2021-04-28,0.6248085758039816,0.8152487382840663,0.9370693615066605,31.6
2021-04-29,0.6186830015313936,0.7952415284787311,0.9021589343132752,30.9
2021-04-30,0.6140888208269526,0.7725306416726748,0.8787322002756086,33.1
2021-05-01,0.25574272588055136,0.2335976928622927,0.26711070280202115,24.6
2021-05-02,0.19142419601837674,0.1508651766402307,0.18419843821773085,21.3
2021-05-03,0.6339969372128638,0.7885724585436193,0.9127239320165366,29.8
2021-05-04,0.6202143950995406,0.8383201153568853,0.9173174092788241,36.7
2021-05-05,0.18683001531393567,0.22098053352559477,0.24000918695452456,23.4
2021-05-06,0.6431852986217458,0.8293078586878154,0.9609554432705558,31.3
2021-05-07,0.660030627871363,0.8213770728190339,0.9278824069820855,30.0
2021-05-08,0.217457886676876,0.25180245133381396,0.288929719797887,32.0
2021-05-09,0.14548238897396631,0.1616798846431146,0.20073495636196603,21.9
2021-05-10,0.6707503828483921,0.8204758471521268,0.9494717501148369,28.0
2021-05-11,0.6508422664624809,0.8440879596250901,0.9754248966467616,29.7
2021-05-12,0.6217457886676876,0.839942321557318,0.956821313734497,33.5
2021-05-13,0.6370597243491578,0.8112833453496755,0.934313275149288,32.0
2021-05-14,0.6263399693721287,0.806957462148522,0.9154800183739089,32.1
2021-05-15,0.22664624808575806,0.25324441240086515,0.299265043638034,27.9
2021-05-16,0.1730474732006126,0.1350036049026676,0.166054203031695,22.7
2021-05-17,0.6814701378254212,0.806056236481615,0.916169039963252,29.2
2021-05-18,0.6508422664624809,0.8622927180966113,0.9701423977951309,34.6
2021-05-19,0.2756508422664625,0.26207642393655367,0.29237482774460266,21.0
2021-05-20,0.664624808575804,0.834534967555876,0.956821313734497,29.2
2021-05-21,0.6186830015313936,0.8374188896899784,0.9283417547083141,34.9
2021-05-22,0.20826952526799386,0.29632299927901945,0.33187873220027564,31.9
2021-05-23,0.14701378254211334,0.1800648882480173,0.21956821313734498,24.1
2021-05-24,0.6508422664624809,0.8541816870944484,0.9786403307303628,30.9
2021-05-25,0.6523736600306279,0.8482335976928623,0.9492420762517224,32.9
2021-05-26,0.6309341500765697,0.8421052631578947,0.972668810289389,33.8
2021-05-27,0.6125574272588056,0.8366979091564528,0.9299494717501149,34.0
2021-05-28,0.6033690658499234,0.797945205479452,0.8906752411575563,32.8
2021-05-29,0.2113323124042879,0.26153568853640946,0.3070739549839228,28.4
2021-05-30,0.1730474732006126,0.17339581831290551,0.21750114836931556,23.3
2021-05-31,0.6845329249617151,0.8201153568853641,0.9393661001378042,29.3
2021-06-01,0.6447166921898928,0.8649963950973324,0.9724391364262746,34.1
2021-06-02,0.660030627871363,0.8339942321557318,0.9641708773541571,32.1
2021-06-03,0.5849923430321593,0.856705118961788,0.9327055581074872,40.8
2021-06-04,0.6217457886676876,0.8130857966834896,0.9180064308681672,34.9
2021-06-05,0.20826952526799386,0.2755948089401586,0.30937069361506664,32.2
2021-06-06,0.14241960183767227,0.15374909877433307,0.19200734956361964,22.4
2021-06-07,0.6324655436447167,0.8361571737563086,0.9522278364722094,31.6
2021-06-08,0.6447166921898928,0.8383201153568853,0.9644005512172715,31.4
2021-06-09,0.6156202143950996,0.8536409516943042,0.9724391364262746,36.8
2021-06-10,0.5972434915773354,0.8613914924297044,0.9570509875976114,38.9
2021-06-11,0.6049004594180705,0.8091204037490988,0.9251263206247129,31.6
2021-06-12,0.20980091883614088,0.29019466474405187,0.33050068902158936,31.6
2021-06-13,0.12098009188361408,0.17123287671232873,0.2152044097381718,26.6
2021-06-14,0.5758039816232772,0.834534967555876,0.9439595774000917,38.3
2021-06-15,0.6110260336906586,0.8603100216294159,0.9595774000918695,37.6
2021-06-16,0.5957120980091883,0.8586878154289834,0.9552135966926962,38.8
2021-06-17,0.6171516079632465,0.8556236481614996,0.9586587046394119,36.4
2021-06-18,0.6232771822358346,0.8356164383561644,0.9205328433624254,34.0
2021-06-19,0.20980091883614088,0.2939798125450613,0.32659623334864496,31.1
2021-06-20,0.17457886676875956,0.1768204758471521,0.2227836472209463,23.2
2021-06-21,0.6232771822358346,0.8801369863013698,1.0,36.9
2021-06-22,0.5834609494640123,0.8772530641672674,0.954983922829582,42.3
2021-06-23,0.6401225114854517,0.8702235039653929,0.9664676159853007,35.5
2021-06-24,0.6171516079632465,0.8745493871665465,0.9579696830500688,40.2
2021-06-25,0.6110260336906586,0.8507570295602018,0.9131832797427653,39.4
2021-06-26,0.2327718223583461,0.27883922134102374,0.31603123564538355,30.4
2021-06-27,0.13016845329249616,0.18457101658255226,0.22806614607257697,29.4
2021-06-28,0.6232771822358346,0.8590483056957462,0.9448782728525493,38.9
2021-06-29,0.6263399693721287,0.875270367700072,0.9299494717501149,47.5
2021-06-30,0.6232771822358346,0.8666186012977649,0.9671566375746439,37.3
2021-07-01,0.6385911179173047,0.8640951694304254,0.9664676159853007,34.3
2021-07-02,0.6370597243491578,0.8541816870944484,0.931327514928801,32.4
2021-07-03,0.2343032159264931,0.25504686373467916,0.288929719797887,30.4
2021-07-04,0.14701378254211334,0.14780100937274693,0.18396876435461645,24.2
2021-07-05,0.6477794793261868,0.8776135544340302,0.9940284795590262,34.1
2021-07-06,0.6339969372128638,0.8561643835616438,0.9692237023426733,34.8
2021-07-07,0.6186830015313936,0.8244412400865176,0.9253559944878273,34.0
2021-07-08,0.6278713629402757,0.8237202595529921,0.9198438217730822,31.2
2021-07-09,0.6217457886676876,0.7995674116798847,0.8899862195682131,31.3
2021-07-10,0.2113323124042879,0.2308940158615717,0.27124483233807994,25.0
2021-07-11,0.1332312404287902,0.11301369863013698,0.14285714285714288,21.1
2021-07-12,0.6094946401225115,0.750901225666907,0.8615066605420303,26.8
2021-07-13,0.5819295558958653,0.7555875991348233,0.8293523197060175,26.6
2021-07-14,0.6140888208269526,0.7180966113914924,0.8091410197519522,23.1
2021-07-15,0.6033690658499234,0.7094448449891853,0.7965089572806614,25.6
2021-07-16,0.55895865237366,0.7000720980533526,0.7847955902618282,27.3
2021-07-17,0.24655436447166923,0.20583994232155728,0.24988516306844283,20.6
2021-07-18,0.13782542113323126,0.05984138428262438,0.07969683050068901,18.6
2021-07-19,0.6094946401225115,0.7337779379956741,0.8353238401469913,28.2
2021-07-20,0.5972434915773354,0.7741528478731075,0.8828663298116675,26.4
2021-07-21,0.6355283307810108,0.7281903388608507,0.8470372071658245,25.0
2021-07-22,0.6309341500765697,0.7245854361932228,0.8378502526412495,24.3
2021-07-23,0.6248085758039816,0.7460346070656092,0.8516306844281121,28.0
2021-07-24,0.18989280245022971,0.21250901225666902,0.25861276986678916,24.5
2021-07-25,0.12098009188361408,0.07245854361932226,0.09761139182361048,18.4
2021-07-26,0.5742725880551302,0.7334174477289113,0.8532384014699128,27.9
2021-07-27,0.5803981623277182,0.7348594087959626,0.8433624253559946,26.7
2021-07-28,0.5712098009188361,0.7249459264599856,0.8286632981166744,27.7
2021-07-29,0.5620214395099541,0.7024152847873107,0.808451998162609,27.2
2021-07-30,0.5620214395099541,0.6669069935111752,0.7717041800643087,26.7
2021-07-31,0.20520673813169987,0.20782263878875268,0.2551676619200735,21.9
2021-08-01,0.13016845329249616,0.07372025955299207,0.0994487827285255,19.4
2021-08-02,0.5819295558958653,0.6834895457822638,0.7893890675241158,22.0
2021-08-03,0.5344563552833078,0.6935832732516222,0.8038585209003215,25.1
2021-08-04,0.554364471669219,0.7159336697909157,0.8410656867248507,25.4
2021-08-05,0.5497702909647779,0.7116077865897621,0.8261368856224163,27.6
2021-08-06,0.554364471669219,0.6742970439798126,0.7804317868626551,25.8
2021-08-07,0.18529862174578865,0.2171953857245854,0.26596233348644926,23.4
2021-08-08,0.11179173047473201,0.08615717375630856,0.11299954065227377,20.6
2021-08-09,0.6049004594180705,0.7851478010093728,0.9186954524575104,27.1
2021-08-10,0.5283307810107197,0.7752343186733959,0.8734497014239779,33.6
2021-08-11,0.5436447166921899,0.7364816149963951,0.8387689480937071,30.8
2021-08-12,0.545176110260337,0.726928622927181,0.8215434083601287,30.9
2021-08-13,0.4961715160796325,0.726928622927181,0.7949012402388609,36.8
2021-08-14,0.18223583460949466,0.23197548666186013,0.27239320165365183,26.9
2021-08-15,0.0444104134762634,0.10994953136265319,0.13711529627928343,24.7
2021-08-16,0.14088820826952525,0.3698630136986301,0.3872301332108406,40.0
2021-08-17,0.5926493108728944,0.7853280461427541,0.8980248047772164,29.7
2021-08-18,0.555895865237366,0.7494592645998558,0.8339457969683051,32.0
2021-08-19,0.5849923430321593,0.7665825522710887,0.8665594855305467,30.3
2021-08-20,0.5130168453292496,0.7516222062004326,0.8259072117593018,35.4
2021-08-21,0.21286370597243492,0.20187454938716654,0.24046853468075335,24.2
2021-08-22,0.12098009188361408,0.11679884643114637,0.14997703261368855,21.6
2021-08-23,0.6202143950995406,0.8394015861571738,0.927652733118971,33.3
2021-08-24,0.5727411944869831,0.7903749098774333,0.8681672025723473,32.8
2021-08-25,0.6049004594180705,0.8125450612833454,0.908130454754249,30.9
2021-08-26,0.552833078101072,0.7806416726748377,0.8670188332567754,33.7
2021-08-27,0.552833078101072,0.78478731074261,0.8486449242076253,38.5
2021-08-28,0.23736600306278716,0.26820475847152125,0.31603123564538355,30.6
2021-08-29,0.19754977029096477,0.12274693583273251,0.15548920532843363,20.9
2021-08-30,0.6202143950995406,0.7892934390771449,0.8945796968305006,29.3
2021-08-31,0.5650842266462481,0.8022710886806056,0.8465778594395958,45.0
2021-09-01,0.6232771822358346,0.7887527036770007,0.8927423059255857,28.6
2021-09-02,0.6248085758039816,0.8004686373467916,0.9023886081763894,29.8
2021-09-03,0.6278713629402757,0.7835255948089401,0.8734497014239779,32.4
2021-09-04,0.19754977029096477,0.27108868060562363,0.3183279742765273,29.6
2021-09-05,0.16232771822358344,0.13320115356885365,0.16949931097841064,21.1
2021-09-06,0.6523736600306279,0.8722062004325883,0.9671566375746439,33.8
2021-09-07,0.5727411944869831,0.8192141312184571,0.8766651355075792,41.1
2021-09-08,0.5895865237366004,0.8305695746214852,0.9104271933853927,36.7
2021-09-09,0.5849923430321593,0.8347152126892574,0.916628387689481,39.5
2021-09-10,0.5972434915773354,0.8215573179524153,0.8920532843362425,37.5
2021-09-11,0.22817764165390508,0.2781182408074982,0.32315112540192925,29.3
2021-09-12,0.14548238897396631,0.15104542177361208,0.19292604501607719,22.5
2021-09-13,0.6431852986217458,0.8673395818312906,0.9650895728066147,36.5
2021-09-14,0.5895865237366004,0.8343547224224945,0.8982544786403306,45.7
2021-09-15,0.6079632465543645,0.8536409516943042,0.8876894809370695,45.3
2021-09-16,0.6003062787136294,0.8613914924297044,0.8888378502526413,48.0
2021-09-17,0.5390505359877489,0.7923576063446287,0.8056959118052365,49.2
2021-09-18,0.21898928024502295,0.27775775054073537,0.3330271015158475,29.8
2021-09-19,0.13782542113323126,0.14131218457101657,0.17593017914561326,23.0
2021-09-20,0.09800918836140887,0.1760994953136265,0.18488745980707394,22.7
2021-09-21,0.11026033690658499,0.17970439798125448,0.18305006890215897,31.4
2021-09-22,0.16079632465543647,0.17195385724585432,0.1926963711529628,23.0
2021-09-23,0.5727411944869831,0.7822638788752704,0.875976113918236,28.7
2021-09-24,0.546707503828484,0.8166906993511175,0.8860817638952687,37.3
2021-09-25,0.2113323124042879,0.2732516222062004,0.3208543867707855,27.3
2021-09-26,0.13782542113323126,0.15104542177361208,0.19384474046853467,22.4
2021-09-27,0.6140888208269526,0.8595890410958904,0.9533762057877813,37.7
2021-09-28,0.5405819295558959,0.8644556596971882,0.9012402388608176,46.7
2021-09-29,0.6094946401225115,0.834534967555876,0.8998621956821313,39.8
2021-09-30,0.555895865237366,0.815068493150685,0.8711529627928343,44.4
2021-10-01,0.5620214395099541,0.8412040374909877,0.8833256775378961,44.8
2021-10-02,0.222052067381317,0.28478731074260993,0.3364722094625632,29.4
2021-10-03,0.16998468606431855,0.1514059120403749,0.18626550298576022,23.3
2021-10-04,0.1730474732006126,0.35201874549387163,0.3706936150666054,31.1
2021-10-05,0.6186830015313936,0.86211247296323,0.9503904455672945,37.1
2021-10-06,0.5650842266462481,0.8556236481614996,0.8870004593477263,47.1
2021-10-07,0.5987748851454824,0.8190338860850757,0.8987138263665595,38.4
2021-10-08,0.6018376722817764,0.8480533525594809,0.8686265502985759,47.4
2021-10-09,0.2067381316998469,0.22584715212689255,0.26688102893890675,27.4
2021-10-10,0.18070444104134764,0.14383561643835613,0.17937528709232892,21.2
2021-10-11,0.26339969372128635,0.34661139149242964,0.3872301332108406,23.1
2021-10-12,0.6186830015313936,0.8839221341023792,0.9699127239320164,41.5
2021-10-13,0.6033690658499234,0.8514780100937275,0.9297197978870004,37.7
2021-10-14,0.5849923430321593,0.8341744772891132,0.9127239320165366,39.0
2021-10-15,0.5819295558958653,0.8244412400865176,0.8918236104731281,39.6
2021-10-16,0.19448698315467078,0.28550829127613553,0.3208543867707855,37.4
2021-10-17,0.19601837672281774,0.14149242970439796,0.1835094166283877,21.4
2021-10-18,0.5911179173047474,0.8321917808219178,0.9072117593017914,39.6
2021-10-19,0.5911179173047474,0.8332732516222062,0.9079007808911346,38.8
2021-10-20,0.5957120980091883,0.8457101658255227,0.9062930638493338,42.8
2021-10-21,0.5895865237366004,0.8193943763518385,0.9016995865870463,38.4
2021-10-22,0.5957120980091883,0.8311103100216294,0.8918236104731281,37.9
2021-10-23,0.17611026033690658,0.29379956741167984,0.3183279742765273,36.1
2021-10-24,0.14701378254211334,0.17339581831290551,0.20854386770785488,24.8
2021-10-25,0.5788667687595712,0.8067772170151406,0.8621956821313734,44.1
2021-10-26,0.5987748851454824,0.8466113914924297,0.9159393661001378,41.6
2021-10-27,0.5957120980091883,0.8516582552271088,0.9207625172255396,43.7
2021-10-28,0.5773353751914242,0.8424657534246576,0.9115755627009645,45.5
2021-10-29,0.5650842266462481,0.8197548666186013,0.8663298116674323,45.8
2021-10-30,0.1776416539050536,0.29632299927901945,0.3075333027101516,46.6
2021-10-31,0.21286370597243492,0.18168709444844988,0.21933853927423058,24.2
2021-11-01,0.6309341500765697,0.8311103100216294,0.9177767570050528,36.8
2021-11-02,0.6278713629402757,0.8415645277577506,0.9283417547083141,37.8
2021-11-03,0.6125574272588056,0.839041095890411,0.9219108865411116,42.2
2021-11-04,0.6462480857580398,0.8549026676279741,0.9457969683050069,35.7
2021-11-05,0.6217457886676876,0.8211968276856525,0.8957280661460725,36.6
2021-11-06,0.16079632465543647,0.3103821196827685,0.29949471750114837,52.8
2021-11-07,0.13476263399693722,0.21503244412400863,0.2441433164905834,31.8
2021-11-08,0.6324655436447167,0.8532804614275414,0.894120349104272,44.0
2021-11-09,0.6064318529862175,0.8714852198990627,0.9308681672025723,43.5
2021-11-10,0.6140888208269526,0.8657173756308579,0.925815342214056,44.6
2021-11-11,0.6186830015313936,0.8394015861571738,0.9104271933853927,42.0
2021-11-12,0.6278713629402757,0.8471521268925739,0.8952687184198438,38.8
2021-11-13,0.21439509954058195,0.32263878875270363,0.33210840606339,42.1
2021-11-14,0.13935681470137828,0.17664023071377072,0.2172714745062012,25.8
2021-11-15,0.6202143950995406,0.8534607065609229,0.9398254478640331,39.5
2021-11-16,0.5895865237366004,0.8251622206200433,0.8948093706936151,45.1
2021-11-17,0.5911179173047474,0.8222782984859409,0.8819476343592099,43.8
2021-11-18,0.5819295558958653,0.8139870223503965,0.8615066605420303,37.6
2021-11-19,0.5696784073506892,0.8433669790915646,0.8562241616903996,44.0
2021-11-20,0.14088820826952525,0.2959625090122566,0.2868626550298576,51.8
2021-11-21,0.11638591117917307,0.20043258832011535,0.23151125401929262,31.4
2021-11-22,0.5941807044410413,0.8516582552271088,0.9239779513091411,42.2
2021-11-23,0.5895865237366004,0.8502162941600577,0.9106568672485071,45.4
2021-11-24,0.6232771822358346,0.8366979091564528,0.9083601286173633,42.3
2021-11-25,0.5957120980091883,0.8357966834895458,0.8975654570509874,44.4
2021-11-26,0.5666156202143952,0.8305695746214852,0.8559944878272852,43.0
2021-11-27,0.15160796324655434,0.28280461427541453,0.2799724391364263,50.5
2021-11-28,0.10413476263399696,0.1809661139149243,0.2039503904455673,31.0
2021-11-29,0.5895865237366004,0.8233597692862292,0.8872301332108405,41.0
2021-11-30,0.6248085758039816,0.8244412400865176,0.8672485071198899,44.0
2021-12-01,0.6202143950995406,0.8383201153568853,0.8828663298116675,42.8
2021-12-02,0.5742725880551302,0.8388608507570295,0.8690858980248048,45.3
2021-12-03,0.5758039816232772,0.7947007930785869,0.8288929719797886,42.8
2021-12-04,0.13935681470137828,0.26478010093727467,0.26711070280202115,48.7
2021-12-05,0.15926493108728945,0.16204037490987738,0.19016995865870467,26.2
2021-12-06,0.5742725880551302,0.8044340302811824,0.8615066605420303,41.3
2021-12-07,0.5620214395099541,0.8006488824801731,0.8681672025723473,41.2
2021-12-08,0.5712098009188361,0.8008291276135544,0.8468075333027101,40.6
2021-12-09,0.5681470137825422,0.7892934390771449,0.8557648139641709,40.5
2021-12-10,0.5773353751914242,0.7664023071377073,0.8036288470372073,37.3
2021-12-11,0.14854517611026036,0.250901225666907,0.2705558107487368,38.0
2021-12-12,0.07350689127105664,0.14221341023792355,0.16743224621038127,31.5
2021-12-13,0.6003062787136294,0.7820836337418889,0.8249885163068442,33.5
2021-12-14,0.5819295558958653,0.7937995674116799,0.8683968764354617,35.2
2021-12-15,0.555895865237366,0.7891131939437636,0.8523197060174552,39.7
2021-12-16,0.5987748851454824,0.78478731074261,0.8463481855764814,35.2
2021-12-17,0.5635528330781011,0.7600937274693583,0.7958199356913183,40.4
2021-12-18,0.11026033690658499,0.2218817591925018,0.22071658245291687,42.2
2021-12-19,0.14548238897396631,0.1274333093006489,0.153881488286633,24.0
2021-12-20,0.5941807044410413,0.7948810382119683,0.8635737253100597,39.6
2021-12-21,0.5681470137825422,0.8031723143475126,0.8596692696371153,42.4
2021-12-22,0.5972434915773354,0.7968637346791636,0.8438217730822233,43.6
2021-12-23,0.5084226646248086,0.7550468637346792,0.7884703720716582,49.0
2021-12-24,0.49923430321592654,0.7372025955299207,0.7356453835553514,45.4
2021-12-25,0.10107197549770292,0.1944844989185292,0.22163527790537435,27.2
2021-12-26,0.049004594180704464,0.11301369863013698,0.13389986219568215,28.2
2021-12-27,0.5788667687595712,0.7164744051910599,0.7808911345888838,38.1
2021-12-28,0.5712098009188361,0.7597332372025956,0.8213137344970143,38.1
2021-12-29,0.48545176110260335,0.756308579668349,0.7889297197978871,46.7
2021-12-30,0.49157733537519144,0.7094448449891853,0.7386311437758384,47.6
2021-12-31,0.4655436447166922,0.6344628695025234,0.6391823610473129,39.1
2022-01-01,0.20826952526799386,0.1359048305695746,0.15411116214974735,22.0
2022-01-02,0.14241960183767227,0.11607786589762077,0.14859898943500233,22.1
2022-01-03,0.6339969372128638,0.7934390771449171,0.8626550298576021,27.9
2022-01-04,0.6079632465543645,0.8082191780821918,0.8895268718419844,32.0
2022-01-05,0.6156202143950996,0.8064167267483778,0.8860817638952687,30.3
2022-01-06,0.6049004594180705,0.7992069214131219,0.8780431786862655,29.8
2022-01-07,0.5941807044410413,0.7804614275414564,0.8612769866789161,31.4
2022-01-08,0.22664624808575806,0.24513338139870222,0.28640330730362884,28.3
2022-01-09,0.1562021439509954,0.13356164383561642,0.17110702802021133,21.8
2022-01-10,0.6156202143950996,0.7936193222782985,0.8830960036747819,31.6
2022-01-11,0.5880551301684533,0.8062364816149964,0.8865411116214974,36.0
2022-01-12,0.6202143950995406,0.8062364816149964,0.8876894809370695,33.0
2022-01-13,0.5803981623277182,0.7968637346791636,0.8821773082223243,32.1
2022-01-14,0.6064318529862175,0.7786589762076424,0.8626550298576021,31.7
2022-01-15,0.19754977029096477,0.23684210526315785,0.276757005052825,26.7
2022-01-16,0.1332312404287902,0.135183850036049,0.16949931097841064,22.4
2022-01-17,0.6171516079632465,0.8330930064888248,0.9251263206247129,33.9
2022-01-18,0.6186830015313936,0.8206560922855083,0.9072117593017914,34.3
2022-01-19,0.5849923430321593,0.7968637346791636,0.8566835094166283,33.1
2022-01-20,0.6171516079632465,0.826423936553713,0.9283417547083141,35.0
2022-01-21,0.6110260336906586,0.8004686373467916,0.875976113918236,35.5
2022-01-22,0.2434915773353752,0.25180245133381396,0.2919154800183739,26.1
2022-01-23,0.15926493108728945,0.15356885364095169,0.19384474046853467,21.7
2022-01-24,0.6324655436447167,0.8257029560201874,0.9242076251722553,33.4
2022-01-25,0.6294027565084227,0.8222782984859409,0.9046853468075333,37.4
2022-01-26,0.6079632465543645,0.8201153568853641,0.8918236104731281,40.5
2022-01-27,0.6202143950995406,0.8130857966834896,0.8865411116214974,39.0
2022-01-28,0.5865237366003063,0.7561283345349675,0.8183279742765273,35.9
2022-01-29,0.25267993874425726,0.22674837779379953,0.27308222324299497,21.9
2022-01-30,0.11485451761102605,0.13356164383561642,0.16835094166283876,24.8
2022-01-31,0.07350689127105664,0.15609228550829124,0.1651355075792375,25.1
2022-02-01,0.09341500765696786,0.14581831290555153,0.15319246669728986,28.2
2022-02-02,0.07503828483920366,0.15501081470800288,0.166054203031695,23.8
2022-02-03,0.5604900459418071,0.7424297043979813,0.818098300413413,26.1
2022-02-04,0.6232771822358346,0.768565248738284,0.8454294901240238,26.1
2022-02-05,0.2327718223583461,0.21899783705839942,0.26136885622416167,22.0
2022-02-06,0.1439509954058193,0.11589762076423936,0.14699127239320164,19.7
2022-02-07,0.663093415007657,0.831831290555155,0.9260450160771703,27.2
2022-02-08,0.6171516079632465,0.8184931506849316,0.9154800183739089,30.9
2022-02-09,0.6003062787136294,0.778478731074261,0.8830960036747819,29.4
2022-02-10,0.6110260336906586,0.7950612833453496,0.8959577400091869,28.6
2022-02-11,0.6447166921898928,0.7804614275414564,0.8739090491502066,25.3
2022-02-12,0.24196018376722817,0.24891852919971158,0.2921451538814883,23.2
2022-02-13,0.1225114854517611,0.13013698630136983,0.16743224621038127,20.5
2022-02-14,0.6278713629402757,0.8121845710165826,0.9046853468075333,28.5
2022-02-15,0.5895865237366004,0.7829848594087959,0.8706936150666054,27.4
2022-02-16,0.5987748851454824,0.7655010814708003,0.860128617363344,28.1
2022-02-17,0.6232771822358346,0.7393655371304975,0.8305006890215894,24.0
2022-02-18,0.6278713629402757,0.7276496034607065,0.8135048231511255,24.7
2022-02-19,0.2067381316998469,0.22999279019466473,0.2696371152962793,25.8
2022-02-20,0.1332312404287902,0.1254506128334535,0.15824529168580614,20.9
2022-02-21,0.6033690658499234,0.7671232876712328,0.8690858980248048,27.2
2022-02-22,0.5788667687595712,0.760814708002884,0.8624253559944879,28.3
2022-02-23,0.5712098009188361,0.7184571016582553,0.8130454754248966,27.5
2022-02-24,0.5681470137825422,0.7090843547224225,0.8029398254478641,26.9
2022-02-25,0.5696784073506892,0.7103460706560922,0.799265043638034,26.3
2022-02-26,0.21439509954058195,0.22422494592645997,0.2652733118971061,24.1
2022-02-27,0.0995405819295559,0.1249098774333093,0.15319246669728986,22.8
2022-02-28,0.6018376722817764,0.7182768565248738,0.8054662379421222,24.1
2022-03-01,0.15926493108728945,0.1750180245133381,0.1926963711529628,20.9
2022-03-02,0.5620214395099541,0.7588320115356886,0.8511713367018834,27.8
2022-03-03,0.6079632465543645,0.7629776496034607,0.8681672025723473,25.0
2022-03-04,0.6232771822358346,0.7653208363374189,0.8566835094166283,25.3
2022-03-05,0.2404287901990812,0.22548666186012972,0.2687184198438218,21.9
2022-03-06,0.13476263399693722,0.1234679163662581,0.15870463941203494,19.6
2022-03-07,0.6278713629402757,0.7828046142754146,0.8876894809370695,24.5
2022-03-08,0.6125574272588056,0.773972602739726,0.8718419843821774,25.9
2022-03-09,0.1439509954058193,0.21431146359048303,0.23725310059715204,22.9
2022-03-10,0.5696784073506892,0.7253064167267483,0.8192466697289849,24.8
2022-03-11,0.6018376722817764,0.7177361211247296,0.8146531924666973,22.7
2022-03-12,0.21286370597243492,0.23558038932948805,0.2779053743683969,23.5
2022-03-13,0.11332312404287903,0.09552992069214129,0.11759301791456134,19.5
2022-03-14,0.6079632465543645,0.7714491708723864,0.8693155718879191,25.1
2022-03-15,0.6049004594180705,0.7536049026676279,0.8585209003215435,23.5
2022-03-16,0.5957120980091883,0.7328767123287672,0.8385392742305926,22.6
2022-03-17,0.5635528330781011,0.7076423936553713,0.8077629765732659,22.5
2022-03-18,0.5880551301684533,0.7015140591204038,0.7999540652273771,22.5
2022-03-19,0.19295558958652376,0.22080028839221338,0.2648139641708774,22.3
2022-03-20,0.11485451761102605,0.1222062004325883,0.15663757464400552,21.2
2022-03-21,0.5987748851454824,0.7184571016582553,0.8240698208543868,22.9
2022-03-22,0.5727411944869831,0.7379235760634463,0.8488745980707395,25.0
2022-03-23,0.5926493108728944,0.7310742609949531,0.8399173174092789,22.4
2022-03-24,0.5926493108728944,0.7355803893294881,0.8323380799265043,23.5
2022-03-25,0.5620214395099541,0.7071016582552271,0.7958199356913183,25.6
2022-03-26,0.1730474732006126,0.21575342465753422,0.2521819016995866,25.6
2022-03-27,0.08728943338437978,0.14689978370583995,0.1832797427652733,22.9
2022-03-28,0.5620214395099541,0.7426099495313626,0.858291226458429,26.8
2022-03-29,0.5513016845329249,0.773972602739726,0.8791915480018373,29.2
2022-03-30,0.5773353751914242,0.7458543619322279,0.842443729903537,25.1
2022-03-31,0.6079632465543645,0.7418889689978371,0.8316490583371612,27.4
2022-04-01,0.6033690658499234,0.7449531362653208,0.8525493798805697,26.1
2022-04-02,0.20826952526799386,0.26568132660418164,0.3128158015617823,27.6
2022-04-03,0.12557427258805515,0.16816870944484497,0.21061093247588425,23.0
2022-04-04,0.5972434915773354,0.78478731074261,0.9030776297657326,28.5
2022-04-05,0.5758039816232772,0.815068493150685,0.9147909967845658,32.5
2022-04-06,0.552833078101072,0.8089401586157173,0.9097381717960495,33.4
2022-04-07,0.5742725880551302,0.7986661860129777,0.9037666513550757,33.6
2022-04-08,0.6003062787136294,0.8094808940158615,0.9019292604501608,31.6
2022-04-09,0.20980091883614088,0.304253785147801,0.3325677537896187,36.2
2022-04-10,0.11791730474732004,0.19754866618601297,0.2365640790078089,28.0
2022-04-11,0.5497702909647779,0.82732516222062,0.9131832797427653,38.0
2022-04-12,0.5849923430321593,0.8637346791636625,0.9329352319706017,39.8
2022-04-13,0.552833078101072,0.8199351117519826,0.8927423059255857,38.3
2022-04-14,0.5696784073506892,0.835436193222783,0.922829581993569,38.5
2022-04-15,0.6079632465543645,0.8350757029560202,0.9260450160771703,35.3
2022-04-16,0.20980091883614088,0.2975847152126892,0.32774460266421684,34.3
2022-04-17,0.12710566615620217,0.20457822638788753,0.23610473128158016,27.4
2022-04-18,0.5987748851454824,0.8529199711607787,0.9524575103353239,36.4
2022-04-19,0.6049004594180705,0.8631939437635183,0.9581993569131833,37.6
2022-04-20,0.5727411944869831,1.0,0.9230592558566835,60.1
2022-04-21,0.5635528330781011,0.8554434030281183,0.9159393661001378,42.0
2022-04-22,0.6033690658499234,0.8430064888248017,0.9170877354157096,39.2
2022-04-23,0.20826952526799386,0.329127613554434,0.3536977491961415,35.9
2022-04-24,0.11944869831546706,0.2220620043258832,0.25057418465778597,29.4
2022-04-25,0.5849923430321593,0.882480173035328,0.9621038125861276,40.4
2022-04-26,0.5911179173047474,0.9048305695746215,0.9683050068902159,42.4
2022-04-27,0.5911179173047474,0.9107786589762077,0.9687643546164446,44.5
2022-04-28,0.5972434915773354,0.8893294881038212,0.9584290307762977,42.2
2022-04-29,0.5436447166921899,0.8484138428262437,0.8640330730362884,51.2
2022-04-30,0.20826952526799386,0.31975486661860125,0.32889297197978873,38.1
2022-05-01,0.22664624808575806,0.2289113193943763,0.26550298576022047,24.1
2022-05-02,0.6539050535987749,0.9039293439077145,0.9795590261828204,42.7
2022-05-03,0.6064318529862175,0.9053713049747656,0.9602664216812127,49.4
2022-05-04,0.6156202143950996,0.9158255227108867,0.9448782728525493,49.9
2022-05-05,0.15007656967840738,0.27180966113914923,0.28433624253559947,29.6
2022-05-06,0.5865237366003063,0.8284066330209084,0.866789159393661,39.2
2022-05-07,0.20214395099540583,0.32570295602018745,0.33785025264124946,40.5
2022-05-08,0.12404287901990813,0.23612112472963226,0.2533302710151585,37.8
